,Cycle,A1,A2,A3,A4,A5,A6,A7,A8,A9,A10,A11,A12,B1,B2,B3,B4,B5,B6,B7,B8,B9,B10,B11,B12,C1,C2,C3,C4,C5,C6,C7,C8,C9,C10,D1,D2,D3,D4,D5,D6,D7,D8,D9,D10,E1,E2,E3,E4,E5,E6,E7,E8,E9,E10,F1,F2,F3,F4,F5,F6,F7,F8,F9,F10,G1,G2,G3,G4,G5,G6,G7,G8,G9,G10,H1,H2,H3,H4,H5,H6,H7,H8,H9,H10
,1,-73.0105567306368,-23.692731259167,-5.7168726875102,-10.1428322322295,-33.9793182407425,-26.83157017853,0.337346859698755,-9.04544612134714,-57.7156201227863,-74.7891832927976,-20.4867976926089,-64.9708561681291,-15.8879618992096,-15.5718491851221,59.7678454800362,56.7184579504292,63.3485847805759,56.6819947644499,75.3986084902594,80.006015023785,75.8260394941863,75.7642426314706,36.8921278284975,-30.0554028294255,-26.2164907990032,83.5317297991114,108.376844316107,84.8881498646651,63.4532768670169,108.125084991068,103.708006497132,106.953951625334,123.399851158947,97.9761713163298,-13.2919256325085,66.2765546574683,89.737981362789,94.9971798294864,63.9143447930733,71.4429368181932,113.891603875124,103.041112864305,97.6577923842187,105.106283016957,-11.5566746361496,79.508359675584,119.761315262246,108.254138169786,119.705296097365,125.863037728266,110.848976270166,101.704815139476,131.229332863349,139.146631119366,3.66309467614974,55.3596064231742,77.9733756791611,72.1775940240673,69.8532240025261,99.0153484839079,72.4671151179627,82.5359067865161,112.462245330196,123.37302058085,-24.0312437690363,73.860378704645,93.5918220965445,84.2995788463272,96.3912030311385,110.582264718893,79.2365616992624,91.8169761885752,127.528702435658,104.990048778394,-4.66973943455287,-21.3349138379513,31.1916510058595,6.10757772922716,0.757658023278054,-9.5670358878574,5.7476861518503,-13.4380035577956,-46.4519853948595,-38.2105987128189
,2,-20.1284477447302,-6.75890619579332,3.71146803928696,4.97643641752529,-3.90201606722758,0.790156391588425,3.62816988565737,1.39703022219919,-23.88327672388,-19.8338084317511,-2.17163992117048,-26.8196988070076,-2.6675365876099,-10.7766075798704,19.7677859910818,21.0879355054167,43.6496842733191,26.3276576429007,28.2678813020088,45.4100211455975,41.3854479015936,27.1802307530488,19.6333181283462,4.22784985457201,-3.28470788993627,40.8724060979121,49.1765005147136,27.0785191461155,30.6028841600291,53.9541460517785,54.0789814378686,48.2327159429997,55.6688852094362,36.1194644314887,-1.10017914456375,28.4111935503061,46.7418565070029,42.5834234080121,25.6985491342393,23.0306125212114,60.7923907444301,55.227473411534,50.7824584262289,49.5501649101411,2.80148965112949,25.9992360562323,68.889040343498,53.38986041422,56.6847108629113,63.2858474475893,50.6611649693646,42.887709600524,71.0164179572248,85.2515500047652,7.96098758595508,11.7180868429386,35.3155369070359,23.3433780907253,21.5913973374431,39.2974288771843,33.6334908787794,40.4940466991352,61.2011962719098,65.3923685081786,-13.6266475002381,42.2796113861441,54.9039811179664,35.7359106770177,39.6781968139881,65.0655171116955,32.3547361067317,24.5958585477597,90.8808436887025,73.7604922798782,-6.78722176169185,-20.1346852799866,23.3996334595454,5.23597454885521,14.0479023200523,12.0644318403097,25.1231629985004,-2.0232691422143,-3.82491044882272,0.527434870018169
,3,-9.1347917038438,1.23218541191591,5.68246664734397,3.9973416981461,7.22424716102341,12.1566366526117,1.05297100700409,0.660989670378058,0.308902069336455,-6.30591468030025,-7.80695425791509,-22.164413708068,-3.37511189904217,0.805957741650218,8.63686736954696,8.92109543502056,8.93128434658183,7.56016755154269,13.544466064453,13.3381865393571,19.8745905417891,13.7512934380366,15.0001815452638,5.43373481536992,0.220401335943734,13.6653581670175,23.4350129816639,8.42115023939459,7.6304260634065,30.7441877963261,23.7844833699246,19.7752944336826,15.8995702003008,12.7322382301063,2.21421085941802,3.54143723103834,12.4793833382373,11.8451252834298,19.0735251617257,27.5280840058695,25.224556616115,31.4688119170833,8.97015767142966,16.9047881339675,5.92744762820757,9.81412528896044,25.1320797758335,17.9647997287079,21.2704743038271,16.4908695059048,22.8016294992667,30.9173305140548,36.9085856427273,47.8092742366243,5.40718817728293,7.64975907258531,12.8199364590646,1.94391531014026,12.4571657711454,14.523758869871,7.84748199623891,23.9679261780707,33.7716137613215,38.4637205117688,-6.29910106411262,22.8645513299757,17.6367990099029,21.9856995820251,13.017408149406,37.6848583480628,15.2886689698516,16.2171341624057,54.1014096059221,38.1370058176244,-7.19493245668855,2.21288303226129,3.84925224635072,6.15370372067127,8.42734362719466,6.99890422857698,17.3545917999809,4.46006649368064,0.979207640492405,1.97986192323469
,4,6.27755938852806,6.36921137520085,3.800113647133,-3.17631388346717,3.63277442009166,3.30692883996699,8.74971610603097,10.1568791731515,5.50969207491789,9.32557891219994,-6.34021530910377,-3.73998955832303,3.84710561298971,5.40548664969583,8.03975096402155,3.43485460916645,0.727080117357218,2.46906670572434,5.59339829508008,5.22996327861074,1.25579906444864,6.94998608042761,4.06657827942399,-0.330431046611466,-1.66520949538835,6.90962117004892,12.1993353520002,7.32214275496199,16.5766460104228,6.69142547782531,7.40402370524453,6.65214315728554,16.2950992141559,7.33627212915781,0.478796844025965,-4.90245059475046,5.58450765872158,8.27795070877482,10.1330289601606,2.02632593024509,7.09625845950268,15.1286780680412,5.73263136636479,14.8510604870344,4.93698823450086,3.61103447429605,13.5048683261712,12.1308580995915,3.46582797761675,6.66519858818992,11.5121358889196,-0.688213688506949,1.74880785078267,15.3242373389617,2.30029853996439,5.33143756773961,3.31792992756618,9.78054458382348,7.71430127064332,7.89826277912653,6.62856705187778,2.01005803852013,3.84178604085264,4.32802214004005,-0.352409201730552,2.13473558304258,8.18643478905369,5.99878584068665,5.95139609795024,9.88405838881863,4.33849281985295,5.68175010591631,14.5737908593173,10.3799734340246,5.20797341947991,4.86043688000154,-0.852149110954088,-0.860324928553837,6.67156010084864,1.64283857850933,6.08626790189783,3.4994126906704,-0.24138376495921,-2.59120014051587
,5,0.79315071600422,1.4457752238327,3.25972875636626,11.2199690755451,4.19841381867855,5.48130957302101,0.795332198289998,1.95057205906596,2.45192904794885,13.6869739573081,5.2149042413912,6.91168250273813,-0.83115423352865,5.16507998701945,7.07445082749609,5.26096904020824,9.42262508118301,2.53555735223563,1.27256165222843,1.80424345995425,-5.8145561059132,-1.66460206073452,6.39156350959547,1.36266013704881,-2.38090623265771,5.71783064419878,7.81657107844558,1.63307979125057,5.84894309906304,0.237085164662858,-0.545386524785499,4.52381903655396,9.01121174624313,12.0673413811846,11.7378935809556,-1.94288769656396,0.215796296215103,0.765410372040151,0.614702166438747,3.28862627853596,-1.35162116604715,-3.36882254469174,3.21851236533485,3.02558383501946,4.84168932674265,2.48531248398103,0.20838094507917,9.73003553366561,-0.515472197997042,4.90257748944532,4.06449537410299,1.01960781771913,3.24507225015395,6.10616934752306,0.273722404898763,-0.10279658856598,0.958448300224518,1.77031526450901,2.39340794376631,-6.2736807572478,-1.1924289025992,-4.99416360533542,0.743426710223048,0.587078148200817,5.46328534546456,-5.10144766558551,4.12843840206688,0.665039367808276,4.22677003301487,-13.1561513233846,-1.11459595855968,-1.05350523517927,8.14892719280215,-7.43384186732874,2.55141672958007,-2.88269643272406,-2.2255092909736,-3.16584028273383,4.96925137396966,4.07301612312449,-4.3127749136479,8.60171359505102,-1.27743562424575,6.6861298231097
,6,8.65641714130197,1.76951091309775,1.04760148428477,4.32271026532862,3.78996732213636,4.11563531320462,-0.174407272742428,1.32043960618239,2.53732588332741,5.4878456145957,-4.91735582625961,7.76550132231705,-2.34158126270995,4.8842300324377,4.16263515596393,0.39275876499778,-0.188478589001079,-0.725913332065375,-2.90372468173018,-1.89861827592267,-3.7842881284696,0.0173988972564985,3.21868974688141,3.56808328505076,-4.34616994197131,1.2383191061831,-5.75963869374345,-2.74084937586758,1.40674189827087,-6.42851506396892,-3.83942006070583,-2.06162781922421,0.424511037758748,-0.0221261646856874,0.427936900137411,-3.13974362460658,-1.69272875876959,-5.02445364439473,-4.879984676405,-3.53752784735752,-7.35425776734064,-13.0287734029853,6.10967853286684,-0.0543513862544387,-3.75081541290638,-1.17848384881381,2.27302303553006,0.306145220851249,-3.33954165765272,-2.68663758740513,-1.7790889945918,-5.68904216902138,-2.63849572547679,1.87267134886997,5.65034096686895,1.23531327230648,-2.62474759538236,2.72844261415548,-0.19209149562721,-2.12663086263865,1.06158550603641,-4.34413792412215,4.16750892109849,-3.40490156411215,2.00577569720053,-2.23676248452011,5.51454004364359,-2.64297481101312,-2.50889838660078,-12.6275857383075,0.363747417299692,-7.19644620472218,1.3424612207391,-16.2264631725848,4.22282355288826,2.42074475910113,1.35844036089475,2.60462726572587,1.2289274790628,-1.55841213707663,-3.58527152093484,-3.40640723232536,-2.68163077239433,6.32469766111944
,7,3.02689415085797,-3.57527696955049,-0.0847024288177636,-1.864915476433,-1.24719995928945,-4.61358015727501,1.90620172791614,-3.11189120969584,12.0522039422758,7.50714062417137,-4.02882887962778,-2.12547134266742,7.27615098859405,2.73729889681454,-6.78428644575888,-3.83072985723675,1.27440283244277,2.20653157631159,0.0617088541134763,1.14540275182571,-3.21452699927204,-3.59990953765237,-0.218222179542408,-2.57761559880555,-3.61468157443096,1.99247346195625,-7.38116676355685,0.94619434224478,-5.57310520309102,-2.16410664883597,-0.78116391129879,-1.7305925363512,3.84617816475202,-7.53460683575258,-1.5830934716987,-6.40156345404466,-4.75989817724167,0.733325541483282,-5.75766407249648,-10.2846169408645,-6.3069289808609,-8.43139550459273,3.75302518970193,-1.2540518095775,-4.16228555147836,-2.39663279094566,-3.30455592105636,0.23291512709875,-5.52010960372036,2.19250772075202,-4.03351133755632,-1.83762977464403,-5.31285308100996,-7.49078069553525,0.715561555133263,-3.79253211330251,-2.64391633666492,3.87154309512562,1.68153047483702,-3.98998759664983,-0.617641418665698,-8.16616713028588,-0.996237941286836,2.32226103801759,6.2036646013712,1.99545492337393,-2.59399498170569,-4.46485921442581,-5.04972758794656,-9.2585356563909,-0.828794328653657,0.786166528443118,-0.215209129114555,-15.5102941940067,9.02364388027399,-3.50744114971985,1.1541012388011,0.234080785058723,0.289067509045708,0.990462120165375,-9.31596591248763,-3.86688485738841,-5.28229460507919,3.79214947091805
,8,7.33955495510691,-1.17364390136891,-3.84811491966275,2.65344983380874,-0.918926292948527,-2.12483408826165,-5.37775907951755,-6.67548278083632,1.20856824539987,2.30662684306981,3.39574074426628,-3.35077004139339,7.05516726536644,2.89008648096842,-4.67156811472114,-4.25299622798775,-2.66842129370571,-4.18459663994463,-5.87572667346103,-7.0544047149574,-4.81368564738568,-5.2452286925818,-1.40495304536898,8.59754025111306,3.37563380126448,-1.64562995362803,-12.5801435209701,-4.99195352115657,-10.3959898931503,-7.77794672442815,-8.73100532653143,-6.26522910764197,-6.96361650990093,-10.8261373056316,-2.95037830206866,-3.3503820864712,-1.90865947699922,-11.3556300829332,-7.89769968011251,-10.3248438426945,-4.90502768803162,-10.4498573994829,0.830715225946278,-2.28195660697475,-3.02149435977663,-6.78519192061503,-3.38369873650981,-4.49636687384373,-4.04318771829048,-9.36899314987386,-10.428842737811,-7.32394412180838,-1.45019164777068,-2.79456656422053,-2.75871100835639,-4.33563316189111,-1.91416352117722,-2.62684538730764,-3.13999640824477,-8.62891741202338,-4.67662820704254,-6.84555284105591,0.810671523836845,-5.06219423057155,7.49396134232484,-3.36018298495264,-5.27120153229907,-9.33733611740809,-4.95969223942802,-13.0180279388778,-8.95075169077882,-4.71302889963454,0.317219293834569,-3.41754555540865,6.39381533061987,4.21700061711681,-0.0614894086284039,5.29369512567564,-5.93741240422833,-3.01085991676382,-6.73531481625287,-6.41941347827651,-0.847146666899789,2.00925492111946
,9,3.0902536411345,1.74191187732322,1.00387681293796,1.84639476823259,-3.61635428264799,-10.5260760910651,-4.5463287849866,-2.68982792635643,1.87182309525497,4.40571896866504,5.59860184038007,7.8544673238398,-0.636241878972669,-5.93881600280292,-9.87212125153292,-0.900883413806696,-0.574971836193072,-3.00109953129731,-7.81598556373092,-12.5323252334815,-10.6621017305042,-0.235663593791287,5.86437010808822,2.87278945635035,-2.19294555068836,2.64570848991843,-15.8720424138819,-10.7863689645715,-10.1552961202024,-9.81360602878749,-12.9855325892186,-13.943188772042,-6.77751501380044,-6.18724980486877,0.390854768463669,0.594429369369664,-12.1434157203134,-4.23031867022655,-17.6924017565302,-18.6102846774452,-9.49913537903649,-16.2165874963866,-3.52501449162719,-4.52023967793912,-2.28944986328133,-12.4739315828579,-10.0518382786954,-6.26583474573408,-8.05079238496182,-6.75174224044531,-10.7620335993652,-13.9276621211229,-4.74315967336315,-10.5525592010054,-5.89134454301666,-9.44132344049785,-3.32648741645062,-0.550338274000296,-12.6690650807186,-8.61081920869492,-12.169087235156,-9.96990634477424,3.23521554750914,-2.89832669913312,-1.88073628526445,-4.25767559493261,-11.4865682821774,-14.9084648343469,-8.78972071884937,-9.74170845050094,-8.70889757140412,-8.71194093539498,-2.99061899513663,-1.58421695255856,-2.24617581977782,5.45640153313798,5.29751902588669,3.14692220889128,-10.9283791725288,-6.18248716939297,-6.27062944786076,-3.11844539592767,-3.56665207604192,7.90664976728476
,10,-1.43479917467948,-9.00809349716201,-4.63952644797973,-7.23393743620409,-7.9168014011907,-5.39475213405649,-6.09490238200715,-1.45265905881024,-0.37080602296146,3.82123652280507,3.21276272355908,3.77550662287695,1.15478424972707,1.48893067239624,-4.15584324997735,-3.7431742480594,-5.97708267119879,-7.31506245227047,-3.48301980105953,-10.0012508047321,-6.39580630937235,-6.56265758307291,6.14985942863905,0.0934551458526585,-0.803802052651463,-0.360362722331956,-14.5469338600419,-2.56113880421572,-14.4003227957842,-13.4147041688193,-18.6466365391721,-14.0848354883415,-11.2740644635628,-5.00696941524802,1.97020656174709,-4.04761213653956,-2.598492333791,-7.61309170068034,-16.3740742808814,-19.2164122277431,-9.03064071854487,-16.2620839997867,0.971367055648443,-7.37640133532977,-3.48937407481617,-5.53788899046458,-6.76437249291303,-5.79927517393617,-14.558218631154,-11.9341103591928,-16.2378679563135,-16.3362968742895,-2.73462205515625,-9.81545335806823,-3.22441153541968,-2.09305097888227,-4.41108187192458,-1.09151820515899,-8.30977514764209,-4.91082838609736,-6.02209609300917,-5.82174103622447,-13.3453755747237,-7.99502061395333,1.18559534984706,-7.74503607131737,-18.3469007129102,-5.65636414613164,-9.23947503588124,-12.3298669198589,-8.04731550232464,-13.0005140620274,-3.66783676212162,3.14425839174328,5.51323849727123,4.3677764955637,4.27861484791265,-6.8912242180977,-11.5912675013155,0.588313400548032,-13.9872227084234,-0.396311439567398,-0.815784549991349,5.45292258159225
,11,-3.72545034145242,-1.77999193883579,-5.82542414140607,-11.4619333446067,-14.4417321412857,-11.7963718258748,-5.33001244624529,-3.41265811538005,4.32997233485003,-2.97098887720767,1.62793095432335,6.27344844441723,-4.97059097297415,-6.22298962746117,-6.778145869931,-5.94187081957898,-9.2106820142244,-8.18325966700286,-13.0383257449248,-12.0602647691262,-7.90360570459779,-4.02648237150788,-2.58700398477822,-0.568088279873791,1.68942325127546,-3.8417316621294,-14.2100750909103,-12.1833063232634,-14.5287629992827,-14.9248999297001,-15.5099877392727,-16.9107400907924,-14.1399646069744,-15.110717916662,1.70676864972393,-5.06109498053775,-2.39044912441341,-12.7327698915055,-17.937114413678,-14.6131789102169,-14.3369802862821,-10.9552338334161,-5.55467767363234,-5.32801793755971,-8.51825033879413,-8.76920714328207,-7.23877547573466,-12.094182850446,-10.3332462592857,-15.3547803377319,-13.8627731215438,-20.4945568798607,-11.0915957249877,-11.4187587447195,-2.73994427749949,-5.80574748809977,-2.51137321628948,-5.26227895219563,-9.2123722865158,-1.98751285224216,-6.25537942171695,-7.5001585256382,-4.72587424879248,-5.17464781441413,-1.61464909220922,-10.5102506549188,-18.2364962172014,-13.3570652609474,-11.8065866956581,-8.9221827818028,-10.9753173250424,-5.96613367234932,-4.10926391085741,2.41233035692676,4.9870557820841,-1.33676976547167,-3.15858411504132,-3.94989262812533,-11.8479865050963,2.91302245887937,-6.14547813662966,-0.528491539422248,3.54112473973191,6.81320094886587
,12,-0.832382102486463,1.2138116643132,-6.97050985692931,-4.11537090655747,-5.70896884974627,-9.01851060256695,-1.8946399202523,-1.14968137980577,0.64163979810337,5.41466720704875,3.85825934776358,3.27347182914127,-0.0495262867743804,-7.54200076144843,-13.1750196519861,-11.7692034034344,-13.0081452956665,-4.02783910803464,-1.69525803756324,-5.39836241313196,-5.13646636300882,-11.8384626783086,-4.90489405344806,-1.25500050057508,0.250183959344213,-8.74177181176447,-13.6732397022743,-8.0607420579172,-13.3540107129306,-14.7512023517584,-12.3854157088604,-13.1067488209274,-12.0473283294514,-9.55093340865005,-5.28863995220581,-1.78551611331295,-1.06425511290308,-2.67457268964654,-14.2503659285835,-13.6405438533766,-10.7904034744147,-14.8676793148111,-6.16172006630632,-8.9605050424625,-3.16879971689332,-1.74073876585726,-19.7329015655364,-10.8775387704723,-11.5785079052548,-10.0684133924715,-21.4939260038673,-17.4843632109942,-10.2671422440771,-9.53673424521867,-0.598522879453867,1.51608731944498,-6.15907866590305,-4.73641481157529,-10.3240294000443,-4.3902366421371,-13.1156406390301,-10.1511687852735,-11.5334584936736,-6.98240427011115,-4.50489205620534,-10.2369649100892,-23.8857988896661,-10.246717090693,-12.2429920317791,-10.3532387063979,-7.49723168083074,-4.53304513911326,-1.02485163090932,11.1004376322753,-4.08645440756072,0.442798760075675,-6.4648880462446,-3.00568767361165,-5.64574548601058,9.93287907125978,1.89398012508036,-2.56766553520947,0.702927481713687,-4.21502762865384
,13,-8.60617805458969,11.0199826266175,0.169243229439871,0.811009015257696,-2.39501409931336,-0.769486479612624,16.9023667610309,13.9490030267398,11.3400530640683,11.3401164555339,7.35178388921895,4.03529213881393,-0.546261511843113,-6.15150378142107,-4.13117750963193,-5.85333370576609,-7.91608127654263,-5.42103236039384,-1.05785045531502,-4.76143237136421,3.81150389247568,-2.27899779914378,-1.83065414613793,3.79115117214315,0.836719767509749,0.600211617270361,-2.5635893627591,4.80711847635348,-4.52524383884338,-12.5920224378478,-5.25018580612914,-3.04314969033658,-15.3996310605125,-4.68802831612629,-4.3281428568589,-0.102599056200233,4.07596508049664,4.95148392817282,-7.64468642604379,-7.38094706359152,0.107354624728941,-0.945508152396997,-6.70402613850911,-3.66223113744945,19.9488981157729,24.6074774725025,-13.5129527730091,-17.7896501377572,-10.2997366565469,-2.21676450562018,-17.2503740184961,-13.3171787428278,-6.02257718218107,-6.90572804317799,14.4057275428072,16.5849137768505,-8.23027783106136,-8.38114129177211,-2.54542084414061,6.49076253857857,-6.14090693560502,-3.33309446642215,-5.22862718613214,-4.05692573226042,-3.30659382515796,-12.1730401677105,29.9238356142764,-5.16480880509653,-4.63030929631395,-1.85545471811838,-3.44219794396395,-0.12788109354733,-4.22775793245501,4.4118246888529,0.898362939637536,2.24785629668713,1.76193600741681,3.56641145320918,1.95048970715425,25.120933227925,25.359757137292,13.4381259456732,0.0354524964477605,5.7595849987124
,14,4.75552451183967,-5.5954768171141,2.87696200037999,1.29217711624642,0.301062064692815,5.53341531840351,41.0648143900798,24.5368321133478,0.982276871763588,0.99695917903864,-0.12472078503788,2.64039406506208,-4.23951790736692,-4.78809389582193,-9.41079567883025,-5.07913139198081,-11.3462028315689,1.19379322300847,3.67068449716589,7.25256538617896,20.6237605637357,-0.793683310606866,-2.62352401730004,-4.01174102941332,-2.43116475315401,5.85228781546084,7.75614273652718,22.4230294277199,-6.28460255181335,-10.4055114016305,9.80228456184614,5.00843958832638,-12.7144400685252,-9.846860106436,-1.26241726028957,4.4879101641277,15.1863273026906,21.8881801931061,13.874268768534,8.90136272053815,5.8502678345917,11.0295645735669,-9.45429644846217,-7.21582446940693,44.1830234890786,56.2293801766004,-10.6593685538401,-15.8379369020622,8.85310052476234,10.3155831040717,-0.920121248894247,-5.74336510147577,-7.35526926592638,-11.6521726408309,33.5918837058189,49.6183405094957,-3.17244657606079,-6.00179558219452,4.8117515669137,14.6630522764317,-3.89982600448957,6.85134442578828,-3.22478722367669,-9.5875012136944,1.29906566270847,-2.20641166091445,33.3361007246895,9.62477248468895,4.96827230816098,5.06395695696938,4.8750267054279,1.98854548673899,-6.77203299199255,8.77132988201811,1.95067103713154,5.03951854298157,5.12211209540192,7.54766660211362,28.6829030165668,59.8917365170933,46.0780242740816,35.8081644778922,0.0388101470762194,-3.28289488583323
,15,-7.13526576553659,-6.48211940141573,14.5666148671239,16.2788503255774,24.7102507338318,23.9747518107292,88.3747703895901,54.4704592631788,-1.03633465469193,-1.41480401530362,1.57934732898502,7.46527853902762,6.33748793131508,-3.7265464949819,12.8237293666284,4.40198559940018,-1.92606037293126,0.877983050850617,20.0639960332719,22.6727042611519,36.3457006772746,26.9036416369904,4.2519381414927,4.76950133992204,-4.1585012816754,-2.2834934146631,40.6186821252459,59.4638034746949,8.29150889869561,-3.38041560567854,35.7576764791575,38.0755706415148,-13.7916708954604,-2.45826647935155,-2.22217553484188,-0.602166525303801,44.8799004701846,55.6591396036088,31.6198208896908,36.8882256323641,30.3725904034532,35.9986337331811,-8.57538416073476,-14.1360264026016,100.193482989566,118.167110159633,-12.0150211977275,-13.3464340008163,30.7802906480447,28.1626138629617,9.57054440650109,10.1425261112963,-7.10983306435674,-13.7157747506621,78.4102400903921,99.026281866059,-0.442885302532432,-9.19970701825832,27.7274093787387,50.9131896265103,5.82363771374639,21.3370186909606,-9.00738878399852,-10.0671876817628,-1.6315877975253,6.49761660647937,50.4646847868489,29.0030539874087,27.5740278516837,32.8038271604337,23.5553832386054,20.9780356451561,-7.69986738941179,14.0254412749618,0.518531311401603,12.1973275777173,20.2407714720634,18.9995912000077,74.1037032865825,124.451022841411,86.6940805335303,66.2155051912018,-1.56329160991572,-4.80199529979973
,16,-6.70167210576847,-6.69719726618996,33.0829476135132,28.1097550200357,66.4534716421431,71.7584883777045,184.675763123242,116.534504990785,-1.26695392098145,-10.9292426190091,3.83540650244504,0.769850932987083,-0.419294441298007,-7.38693852831921,22.9720416836126,22.2862025605968,7.46699499127726,16.0159703199147,54.0941784048209,60.1749257923934,76.4101536785438,68.6462351155219,-2.70922439518426,-0.915228882892734,2.59608316412778,-4.09431608176601,99.6410100071903,133.000898860008,30.5081332010973,10.1026339466616,90.0032202623242,105.270732479619,-9.76530268743909,-4.4742632323082,-7.83749766082838,0.948731449953357,93.604963794377,122.835563253055,66.6325416115201,72.3442938259132,67.5882670605947,80.4586975432699,-9.24873320328197,-5.98409049535167,201.945015948515,234.039149596093,-11.6473489690484,-11.8542252588968,82.6680034602796,84.2410041708868,44.1553025700932,39.7850008756409,-6.04885569539647,-11.216543602598,168.261745060117,205.290034428295,-0.606762575311677,-4.8610614783438,64.1248753518057,97.5935665267511,18.9795975602069,56.8527714314846,-3.16328210962183,-7.16757609895194,6.51149980599212,29.1419814173801,100.434296606749,72.3185180729411,68.0394516830211,71.2880007927065,53.4417439452659,56.0401779427311,-6.01001474236409,15.4380658165965,14.1961097192871,27.5220175966201,41.158753363105,44.5900029781296,180.693263473365,252.020991503642,153.312283277188,142.968376416125,0.123126313452758,-2.49473859087675
,17,-6.4140071168863,-1.62565518770634,80.3220936529824,75.3725314501498,150.019166348244,160.523290620037,358.742095766316,237.545192780499,-6.1531370387047,2.47956552810683,3.60530965753833,-0.980107702869645,-4.38830233866247,-5.69457906353318,59.0161043301118,63.423835991191,25.7629194189035,37.4010712590025,125.171941090511,130.056962392455,152.064364452365,154.513461390397,-7.75037558984013,-7.60071743229901,-1.35532344207286,0.434949542573122,212.005879739052,250.87322310015,70.8882404990941,39.8684436408907,194.487271290615,217.958059340896,-1.43891924584432,12.725715247002,0.29058625935977,-0.54998696284747,179.1289430253,232.295673389209,106.579017965402,117.916049635224,144.981181563833,171.89705615194,-7.10746470403046,-8.01153347995341,381.832079107412,443.78944568096,-1.62617792503806,-2.12924800582186,174.904749744538,183.24755859062,116.48556077815,105.108011783055,-6.23730106044013,-6.23042435253365,309.443537999955,396.658509350721,5.0157491887685,-4.28361761796396,149.170030835041,195.500275521189,40.7904941463053,119.460987213939,-7.24866978029468,-0.0589716809631682,21.8224182622284,76.2362313822159,182.231244380277,158.455994143466,156.28577800281,150.411113015752,121.797147353876,124.138814328113,-6.31948249760171,16.8648439751396,42.8679810746189,59.971119907721,79.7394730446281,94.1951982041842,353.33116502011,460.816371353705,288.161656747151,282.509132526587,-4.35874842869316,-2.9235224471222
,18,4.19855787950974,-3.93221083698427,161.559275659821,160.576094932501,298.344529336511,307.562458559042,630.776598606213,434.059604496765,-5.50346302500338,-6.81125957754966,4.11277142629569,4.33122998784393,-3.68919498308742,-4.87040441923909,121.231993784945,131.587389643307,71.7836536321174,89.4424993780781,247.530022390824,260.64756769739,275.340920614617,276.850453435022,-4.53158082585151,-4.61892469859595,0.781865568319063,-4.242887260717,393.681027739486,424.49446727267,131.099826054479,83.2452134906866,376.068529470104,420.827351407313,11.6358107280385,22.032916917366,-7.36323481824957,1.17257016670465,296.242898278577,377.974441506618,155.019956779964,162.78850152451,281.952089558422,306.867839225652,-10.9897108128425,-9.73752863383061,638.471293454603,759.318723476179,16.0360564046041,15.1830979882307,351.312335753882,357.047210804133,231.440449463008,190.566284032755,-7.43962108047799,-13.6350036718559,520.093781405608,668.660145055324,13.9790869202138,-2.24630949822631,296.383046530175,381.865647631782,75.2391772093902,233.952014413137,-6.69160508218329,-6.19442164414431,55.0455615139654,154.93360379427,340.150529857253,316.664928969045,304.464900183287,303.828555543048,243.547596097977,242.937690449339,-13.4809480052622,5.66508782683013,103.60351812618,128.403201647126,171.782169513071,187.476847171611,584.994324091326,711.908299556678,507.339782158495,528.0656226102,2.10216933611127,-1.05054071745963
,19,16.5874059349499,17.3555479950974,310.305350891839,307.47778167621,496.897082556406,516.759882104632,959.137127537731,730.384277223675,-3.22125252621845,-3.22596128901159,8.34256007944441,0.425317634866133,9.51846513166765,3.60945876396227,251.904307825445,254.319264858204,156.208805293914,182.110432223691,470.552632026162,476.489200480933,452.764903665076,492.263964817338,-4.29825008127182,-0.452726734827138,2.27671722148762,0.497080143039057,638.828293938364,632.991901113706,220.155566646376,157.517201450009,685.486220069628,745.58860886807,47.410349807461,57.8301422202039,-2.85064322624476,4.0924938253761,449.144541957583,557.862645162412,186.890873848976,202.245006994567,481.855459850693,492.000627866801,-4.33650508362507,-8.50270953883046,919.855972768359,1083.1793408762,42.5633954401264,46.3472841527391,646.707424212572,656.212262607145,419.153624193354,310.207163317093,-10.941843783799,-13.7777402577162,741.37108666965,973.594808294784,42.2769917672731,6.69598806928707,534.581977217436,678.509138838814,111.477352442337,418.754681919247,-7.61964815642887,-5.48998196437014,121.859366454234,305.690817224567,593.815778046509,581.128936490835,557.871688868831,548.42910973932,459.321654131454,463.05906744,-6.94945952172702,3.44959455745811,208.818672788973,247.97057286801,326.179303215371,347.019103652337,824.983321079134,957.971535551852,812.825215540801,858.513854986597,1.48745957217261,-2.91146958164745
,20,39.4433360023531,27.661326673106,560.661399920506,548.070715869542,720.512989553545,768.04936347959,1281.40768892055,1049.75424593104,-4.68852048202507,-4.5465921637001,0.786607973209357,3.54064858620359,24.7111185438857,26.0818334617234,463.577984386172,467.797745257771,306.89113440109,329.686811688634,789.612602103487,806.500088107413,656.74087583507,718.877129096086,-5.4853787179004,0.370882844647895,1.95532517330867,-5.87699493009268,908.169294166472,841.107517684766,339.458736810506,269.704455845876,1049.67530010411,1134.58200618896,111.855384198617,119.508406760853,1.38506139674473,5.1573954504961,607.051135234855,739.442686156592,235.449918782033,245.526148889096,717.000540286612,684.642001432669,-0.314445027261172,5.3432020557384,1175.21263789649,1384.21648905966,100.430927752221,110.558856295006,1033.94807478152,1022.23069330832,661.562787985972,452.415081356771,0.667056181905082,-7.37180583592817,943.647842298088,1253.45348391665,91.944664290329,22.4627915704336,851.362528089528,1039.77202687817,148.122038428122,671.261999207118,-3.52515527457308,-2.87971692890551,232.993526453973,547.693580410154,904.361779650918,938.425385252175,883.819557149358,865.44630646705,806.744911229835,800.270433977575,-4.70828763972395,14.5681390900472,376.50478337558,429.561295855849,541.192266058649,587.035917300281,1048.21209329787,1184.74167895875,1115.15375574828,1186.26086152523,4.58079262528281,-5.78629410602753
,21,92.8382999670162,67.5456417614319,868.622696181665,855.493158263166,945.224413889107,1020.42232980538,1598.9740357297,1361.47459123186,-5.72077132667482,-5.38120318423898,1.20245292066738,3.93374277261819,56.0287857949247,69.4656237539548,734.626912646096,755.136487360163,528.989137170262,552.214819185587,1119.80373084702,1150.4216966025,849.62999714876,936.858533019518,-1.97750127185509,-5.94563555362356,-3.38948061476049,-5.36003567147827,1170.44325094789,1047.81591184361,468.06126663464,390.427020436266,1403.78164279687,1508.26705938614,211.416714316991,223.917115962188,-1.376842754883,1.57955951939039,757.079837345818,916.082132130764,268.714423787767,287.730319985659,948.471771523135,874.214878355923,10.2169899642863,10.5353238339362,1405.71164654063,1658.74355753499,194.794234038499,228.037271296642,1427.79115075291,1383.75137042546,902.20192045998,584.676891350003,-5.99252044492368,-16.5771278155603,1123.82082711239,1500.57695026506,174.940119136435,50.2386065716801,1167.16956277404,1394.82278262117,178.822870600119,940.861819035745,-0.284826055632038,-11.0667798873656,431.535705242302,827.899609055569,1206.71006864171,1301.39076721543,1212.16556592047,1178.73312528972,1181.5594711873,1173.03567946459,-11.2907360200252,-0.918166901488803,568.522083306354,635.167048909366,775.809852984303,840.866497893126,1254.11986468451,1384.93132917319,1411.53779099095,1510.15873508923,1.61140266933944,-3.87289839176901
,22,177.483229926586,144.295004311353,1169.91617471158,1159.21125747277,1165.29312136077,1266.70175851254,1881.87655781484,1659.28925176725,-4.16291027704165,-8.22782405670523,-2.56482801201355,7.27249747117594,116.017044373208,141.612491939092,1001.41958800519,1041.26981308917,810.830533022349,815.089094505281,1446.3912896286,1498.98649791083,1021.04644112973,1129.61476895739,-3.94097287251316,-0.793575781967775,-0.581070979815195,-5.17056182478427,1416.75974064097,1242.95071587979,620.261861634159,549.071354541471,1730.90485344748,1857.66093959492,412.549035901501,427.41188075068,0.0975770509749054,1.98816299896862,898.533867356911,1084.07647721565,320.904266823385,340.140143642242,1168.23787073349,1055.28264289112,32.4551743344296,34.6798707364478,1603.1735161114,1891.24188835447,385.074161835907,441.141426579149,1805.48853604953,1725.17180219716,1137.41354756265,716.658231969091,-1.91975100895343,-5.23896290804578,1279.01844255258,1713.5191164318,330.388426993665,112.458468459511,1470.88988903366,1727.69954258514,218.901206057727,1201.1680811687,-6.5142426600878,-1.80121305807415,691.588527004104,1103.62919031181,1486.07759887094,1648.81987323165,1527.71052016006,1472.69130426248,1555.32617543777,1543.26677678396,-1.64362233578458,12.0033004098987,759.723272671354,832.912338650524,1000.10750096053,1087.24918497224,1430.37011090537,1558.58978564915,1680.52660454536,1806.65260951785,4.20536027000617,-3.07812646904949
,23,339.644103304533,279.556395273137,1450.97339745242,1447.2082673724,1374.73506549807,1494.41099109456,2129.90098876154,1924.11052980656,-0.566196308930557,-5.87860335643154,-2.62386131462836,6.11430643882704,229.375663979471,281.648647793826,1258.62042225939,1313.54162327917,1101.61994309523,1077.13465115219,1756.3159741774,1833.11916515938,1169.6012147277,1300.04359287924,-5.6274728319413,-3.88770605474383,-0.0994671590760845,-1.91780602887911,1642.73504255754,1427.76558096654,769.560070398521,705.563037394547,2034.04402816275,2170.97920252657,739.491394019718,744.446472324591,0.400419015824809,3.63203559564272,1032.77166765287,1244.68377307099,365.347282195044,391.291515533345,1380.77082096251,1234.84687032897,71.9083053394111,79.9984725621744,1787.82994145538,2099.46253635906,654.067477847741,742.77084298406,2155.90018822505,2035.39213100364,1364.09802719099,848.845369431735,3.11351215378227,-0.450750266824798,1420.45077078023,1905.11535070678,563.063993289912,225.378782365019,1749.78835031105,2025.53975597538,250.614753922326,1449.34827268648,-2.52425980074395,0.80849340598661,971.202298074666,1367.25433809137,1738.47533073811,1970.24341637337,1811.67354914839,1735.95777168196,1913.98983164995,1894.80924311484,-11.5272798460896,6.26102757633362,932.639290472396,1014.59945523994,1204.24828355057,1315.14041558808,1587.63384944167,1711.65668174605,1921.68241179154,2071.4815892168,3.70870479915493,-9.18812334685026
,24,563.026690648715,482.668517499836,1700.94862672086,1704.45695125113,1564.46720332119,1700.5068372308,2328.61926164131,2152.20317196794,-5.62344296894616,-0.242083115185324,-3.66827918753779,4.37752530836769,412.504050081159,512.919994353217,1484.83118020847,1553.3590272124,1383.30825212536,1323.98085009172,2023.10238661167,2121.13723361128,1295.66166124127,1441.57772653946,-6.70927171034191,-3.94417730547093,1.02563817525106,-1.62340019475914,1849.429539169,1598.16571931547,914.514338911316,861.392753957954,2298.70960498902,2445.95547993795,1112.08404722588,1096.09186316821,1.21693966330804,-0.36650439667892,1157.17660864336,1396.37380221813,409.246847482987,440.399886032047,1576.99083293544,1404.17022384978,142.714870159458,153.974976265502,1945.51217593551,2279.64779760216,962.135351068813,1083.07997949203,2454.48080722534,2298.20435057623,1570.27895916151,975.136305312539,14.735528015372,7.20405785415278,1545.1405090017,2072.07876026215,815.244057112535,413.645631855837,1990.38029145306,2281.67137524412,282.105016278795,1673.48700037504,-8.42472682601237,2.59070133664727,1235.67853183355,1596.3518187649,1950.73779755415,2239.81347577512,2055.9750525389,1964.93734616813,2227.88039165202,2208.38276120788,-15.1252672816886,1.32307062778455,1078.74738173695,1173.85813227195,1378.73170741843,1508.9902453156,1783.76569760263,1843.93045043688,2122.06262483541,2289.23986889413,3.39604634811622,-6.43307548228267
,25,807.399579924177,736.081292737855,1921.66963132114,1929.58424558355,1737.42177380901,1887.39687596302,2489.13155387133,2333.84364343513,-1.73779999359613,-5.79863356990245,5.07160069734937,-8.03962394693281,635.561009621533,799.669208035335,1686.5527645153,1765.63219115938,1641.84954084077,1546.38700633506,2244.81782613974,2359.10794998895,1406.63711777951,1572.69138176463,-13.3675956507495,-2.4483872259234,0.414729187369176,-5.34032461485231,2039.57064872215,1760.36798513975,1054.61977349351,1009.99355135658,2529.49158562124,2683.58963538676,1465.71150451546,1428.5138766006,0.940947502170275,5.68329153250716,1273.00624732498,1538.06844949322,456.443229399134,489.210379834661,1761.24274167271,1565.00661315346,286.435988735306,293.671115777483,2084.02797284255,2440.28073185484,1264.09634530693,1414.63876436018,2705.76280416622,2521.11361963729,1761.7868202143,1100.91868709614,26.5015203248254,24.3554548650782,1654.32016068483,2218.30598224959,1058.15220037798,669.827635971293,2190.22331877407,2501.05662594246,318.092468394049,1878.90163169021,-1.09449037622744,2.64958439474049,1477.15692765365,1795.90598307779,2131.52831434917,2473.44424814078,2267.36191309522,2162.99696169271,2497.55017187392,2477.65236735707,-8.1348851023522,4.18180437287901,1206.54402776937,1308.51424404119,1528.77915572138,1675.87418112711,1967.48222077068,1962.34668937738,2292.43082530813,2475.7191432591,-1.30935793003573,-4.16583934530809
,26,1038.42314730006,981.927314948219,2114.67958683629,2123.50194136219,1887.35649088084,2052.01214755456,2621.77432038979,2481.16591536108,-4.36135662895776,-6.31625237726303,-0.786755119645022,2.63875723026968,853.673389522607,1078.61909899428,1855.24155207314,1952.60091575275,1863.27560168821,1740.79271095674,2421.87349161615,2553.4454279576,1508.57245043783,1689.46526458044,-4.84884976328749,0.664575599375894,-5.19289462502093,-2.42945187565419,2208.62849389973,1908.34434667279,1190.4247631083,1151.38671678556,2720.86606524191,2886.77004492594,1773.89472976619,1718.76651831115,-0.491248743677716,-2.81317030223181,1378.52080869377,1670.61347517746,501.88596376912,535.543921223461,1928.37962259888,1713.53663400227,529.886664411899,541.436221083936,2203.85003664985,2581.36499826672,1548.94231578553,1720.66941051193,2912.32431587207,2702.80079677439,1932.74698817005,1222.65879701925,64.3745911059136,47.3322853733011,1744.91624547517,2342.89843982551,1282.95881600982,947.189779289324,2357.28292317625,2685.42281398869,356.48263108048,2061.08149509311,-1.89233447805009,4.20777473363978,1680.87197081392,1966.83285317321,2281.68366712569,2667.05777666268,2453.02799777142,2335.03760621496,2724.16488608233,2704.84431932094,-6.78691551201155,4.18834028300262,1311.1056271462,1423.85438746377,1653.52186374926,1813.75406896139,2138.9672032149,2064.5202189115,2429.44978626116,2629.7964797561,0.52176852483035,-10.1828616016919
,27,1249.60499149849,1211.22411651167,2278.08901749791,2289.94557434208,2021.67087378179,2198.3203502194,2733.76459746668,2603.41244166627,-8.39335539926606,-6.17759466050302,0.0743019532810649,4.00513803223112,1052.65886980479,1335.18482984982,2002.54101519895,2116.75552397112,2056.48737382885,1911.14837162014,2565.6732700621,2713.37798125854,1601.5606121082,1800.10172715858,-8.07507469257507,-2.1409977570479,1.98225014168429,-2.6093660244137,2356.53911504352,2046.36963185308,1313.7046382059,1282.29793332716,2881.85542210082,3063.30547645889,2027.16539696662,1954.40430978443,1.75709247612258,2.89436202307206,1475.62683905777,1793.91769353066,548.477319233735,585.590822939933,2079.45854432207,1852.25563795004,886.43448979137,888.339106765563,2309.28004583778,2705.09359656949,1807.99735244872,1994.21577337656,3082.72278468182,2858.20626087005,2088.83257591705,1343.89933194244,124.052088018303,105.332289105319,1828.6296358936,2454.27311225904,1488.01612053024,1213.99090053231,2495.66769217487,2832.88524022635,391.216918700938,2221.85513062266,5.88453784552848,3.51780606339071,1856.95057003045,2111.81978106045,2411.35310918444,2833.74145299467,2614.80171319063,2484.79954954867,2915.44136132277,2896.20216883406,-6.5047991002134,2.90489112784508,1403.6249524322,1521.05840204021,1757.03775095515,1932.44575262521,2240.37507544585,2154.34875466056,2546.09232111592,2761.51606104252,0.971547641469442,-9.70425431312287
,28,1434.41344146804,1420.80639388865,2425.13768043939,2431.93582443512,2140.44865244833,2325.16863111686,2827.93872456062,2706.54507773472,-1.58776161427659,-7.05157973024734,2.60771554724761,-0.691072610662559,1226.66012522342,1560.03718577064,2126.19385160171,2256.89502337105,2220.48868363406,2057.05471652799,2684.86560268774,2845.68722954085,1686.27232427729,1895.04378080805,2.20619361711897,-0.185087064960953,0.0300636502047382,-3.85387019873042,2488.02698538624,2170.60294943952,1429.81253397686,1401.77140055405,3020.39047244729,3210.70983605931,2232.18622144021,2141.48120432939,-1.41098307770108,2.89435532674042,1562.31271635721,1908.11641833931,592.157584802219,634.659823607694,2213.58468669373,1979.69485996262,1242.66655360938,1228.8811709082,2401.10663963873,2807.57306070533,2035.49275174015,2233.31743861359,3226.11615242986,2986.2038152205,2226.14640051188,1458.36630372071,240.087484865994,214.914565238458,1897.98100959578,2550.75996924243,1668.97485869804,1459.42445274504,2614.27237483053,2954.53098116688,426.669949763952,2366.60508227384,13.5971011221859,26.5664856545013,2007.08038352538,2236.00512190852,2517.48085650757,2970.3948960073,2753.91483719808,2619.72166958154,3071.89180470534,3055.87299842325,-7.11545784798227,5.45083483725375,1485.9559511375,1609.03881357926,1846.09986696277,2027.44249204619,2329.70519458143,2228.22421193055,2652.05538261472,2873.59091011549,-1.11699615348198,-5.97636279541894
,29,1594.28636950449,1605.51024867945,2550.07006195176,2558.60028202485,2250.04687161765,2445.12505810733,2909.96140472426,2796.33377119453,-1.84424783560553,-2.57150760158856,1.51009959699104,-6.55802557179186,1378.53165944831,1753.26474760013,2236.1602418678,2376.54003627589,2360.5459349701,2180.02026167995,2785.1898502811,2956.37528785792,1761.25145935495,1986.1849539376,-10.8571300302078,0.113258218539158,1.77402368246885,-0.495206303888608,2605.84668073609,2291.00938318168,1535.22799944256,1512.6927284011,3135.67360042997,3338.01383507431,2406.24818058345,2295.25394813039,-0.647416479686399,-1.97170377093016,1640.82224255948,2011.83814280781,635.566297076776,686.745397376692,2330.79802353182,2096.6001476595,1571.63523051866,1543.13725666477,2477.84007313272,2899.27724287273,2231.79662439784,2447.04522350785,3344.89821875281,3090.68166549929,2346.43794552943,1570.25625361153,449.670039731901,397.73941677842,1963.32160996686,2633.55196099412,1830.6665309127,1677.97139638788,2715.58278496885,3059.51826184829,455.928718806282,2494.10012023018,27.5553787591398,44.0914200336224,2134.97121495148,2343.58498305518,2608.02821909757,3084.10828118225,2877.74140528908,2734.68847740656,3202.85031222315,3194.34353229782,-5.9644187549743,1.26106736184101,1559.54135219473,1686.42342721527,1922.79991589652,2109.90554764036,2406.99297236189,2293.97218691804,2756.50235820045,2966.03502382953,6.11983584897644,-1.0384855645093
,30,1729.41631840999,1761.81949423311,2652.67920736509,2665.92238273742,2345.83127326855,2542.49582894518,2977.0735801492,2867.98120079925,-1.57445243901157,-0.301925378623309,3.49054698308146,-0.443068839829266,1510.42121358522,1918.56199327486,2331.04160084293,2477.07550443747,2476.42941087828,2283.06040335984,2864.85674544003,3043.89851764393,1829.53655690164,2059.33472345916,-3.6794077707923,4.00333484431167,3.70236863938771,0.457272585372721,2708.99291383742,2395.09404150955,1633.75616490021,1612.1234130204,3231.30344951585,3439.10605116569,2549.32423833056,2421.93369148456,-0.67314530409476,3.60481468555236,1714.68041852179,2104.20098314806,676.866546659468,732.337809219634,2433.23265883879,2199.21788924911,1846.00217892756,1802.65121766318,2545.71296043445,2980.53906702716,2397.45218047367,2628.94944410003,3437.01265946872,3174.44113689173,2452.25793248514,1668.92409398794,774.962831649332,708.781903923271,2012.88870741789,2702.88103344374,1967.88673878851,1866.01028961535,2797.19568807249,3147.63581138298,486.616365592781,2604.23040269454,56.982036422221,90.4054832707943,2244.06796041045,2432.29167191956,2679.87793829497,3176.78670323393,2976.56203897788,2827.46316195337,3310.05164422997,3307.7902222049,-7.3786614548244,4.33167464162943,1620.58826394947,1747.67972878393,1987.79864193023,2177.91919351939,2468.33152778406,2345.92358932162,2852.04127847484,3043.4331154592,0.796946625557666,-2.40003853310327
,31,1844.09001752165,1894.59546126016,2731.29936236981,2756.05052677214,2428.70474222815,2629.83095319449,3033.96236243345,2924.28439907453,-8.93361509509214,-6.18620612558607,-7.47043282737695,-7.25660646027745,1624.05143621941,2062.51357642786,2406.97071862325,2562.19241139191,2575.71094843255,2366.74956324554,2929.50868470657,3114.9904444618,1889.05304143558,2127.45551038149,-7.86499772086881,-0.709188774159429,1.63217266844504,-2.86579132743327,2795.72981316427,2485.34257267531,1723.64342789376,1701.95334977151,3311.53649811056,3527.77794383802,2665.25503983005,2531.57273153202,5.61399300689936,0.908651154800282,1779.97204640968,2187.88320841965,715.808116212836,775.988414890161,2523.79120271635,2290.80128175978,2064.01327372075,2009.44355424212,2604.12026175006,3052.13403758631,2542.10841222181,2781.86241514398,3513.54206334679,3243.06670858918,2542.21635786767,1764.11530370389,1148.41287750173,1074.74919664859,2057.89634809296,2763.96757963033,2084.37526388167,2030.31856341274,2862.71031638906,3223.85055695503,515.659923104451,2700.37130258286,109.896442372355,172.663458036627,2334.48008509225,2508.86766187723,2742.31070457182,3256.90929883141,3062.75234908512,2905.0260412688,3400.48815418334,3400.52225270828,-3.57089046490819,0.260993438251717,1668.38248517464,1804.2005543811,2036.8572679407,2235.97173910376,2518.42977307188,2391.89966470063,2929.55735952503,3105.6890225515,3.75865458069802,-8.89096364933994
,32,1946.19017156765,2011.58419765887,2807.16982298245,2827.88406885588,2494.57258314683,2702.57206794991,3078.63248900909,2969.42136423838,-4.78457849992628,-6.16638930455929,-4.85993979201976,-6.56105808017537,1716.23952382613,2182.75578343459,2474.26308010426,2630.90400263012,2660.03782455807,2439.17151016358,2984.88820963936,3172.10589430447,1942.19088008304,2186.44872613978,-4.83093147873342,-5.51383901919189,0.797834569673796,-4.16335274916946,2874.68058473781,2564.97297866686,1808.74327281558,1782.8129013123,3382.27811279562,3601.5443751527,2767.54695383481,2623.12752817248,4.96987134364508,3.31473055331981,1837.60016001175,2265.73858539429,754.898240259434,820.186383023767,2602.95513319848,2371.65204472294,2240.56928508484,2174.61455053642,2655.24546710732,3108.555975598,2662.67910252836,2913.51712677881,3582.46049311598,3306.36510419092,2625.23447846145,1849.31510184128,1500.18846722631,1424.78108368058,2092.45203133596,2816.58424866472,2184.82682409811,2172.38717674363,2917.95722644404,3284.26071537121,546.807259608647,2782.15002743234,203.054508904548,329.62328817708,2413.62028376192,2576.03037120254,2794.16925616809,3324.72535841325,3134.31300213531,2974.89894452527,3478.39963598929,3476.11744969779,-8.68130233660986,1.90977896101413,1710.047489332,1848.63932726815,2079.37489698741,2283.29705341583,2568.89133346092,2430.66784719991,2987.36266180361,3160.8160388668,1.10488674253656,-1.25745919603014
,33,2039.3036387666,2115.62697745527,2872.83072228169,2892.01974973837,2558.38024828287,2774.82195807933,3120.34394954938,3005.61088765652,-7.56715348122543,-0.372385065252729,-2.07765202601922,-1.90737857017393,1800.05390540904,2287.09328908283,2530.77988279762,2693.66658803642,2734.6677574982,2501.91423399047,3031.89440980627,3222.59266533342,1991.09813066507,2248.1775534231,4.52882410877919,5.08235338265376,0.844193310686478,0.693468789111648,2944.60940873795,2640.27261554804,1884.68951052587,1859.45097594648,3443.23496838418,3673.59248286938,2853.23659874446,2704.31430792406,-1.526525991168,1.70972372690221,1887.40347041588,2335.77308948853,792.721442143382,863.109058528359,2669.90602676714,2445.67724687129,2387.21827594886,2313.95134749399,2702.59677141497,3158.2132320726,2774.76290650458,3026.83892800671,3645.10117927698,3360.73364970069,2695.72330875584,1933.0372798452,1808.73894520091,1736.90977986868,2125.96478026458,2861.94084255836,2271.11831308702,2295.11419185461,2965.0592195811,3339.23501158168,577.381042479069,2858.15057805842,377.753972503676,585.694506142989,2480.4683689086,2635.05726725627,2836.74702108214,3384.39261978374,3206.21571400068,3040.34461746951,3544.50955069919,3537.40345084616,-3.08572306552014,7.07158686769526,1743.88312871995,1892.48189484405,2115.84327499494,2323.24382425823,2612.88719423749,2468.09930737233,3037.33849102742,3209.76224809827,-1.29923995633226,-0.45014749009124
,34,2126.5915533273,2205.86107650097,2932.77932824937,2948.83434670143,2611.40357649687,2833.53017199151,3154.08522346318,3044.58452753705,-7.9552585589995,-4.02023547724548,5.08423911328873,13.782012470117,1876.65289759689,2375.77206987302,2583.34723573083,2748.06494037103,2795.83523157,2561.57966273939,3069.26500845351,3269.16092923566,2039.22095358754,2303.75189103955,6.63003523418411,17.5475699163658,-3.09291630488087,2.32946939299882,3007.83942797306,2713.25747584603,1957.72973958158,1933.76090235888,3497.61179916557,3732.5679723591,2934.82779728903,2775.83521735776,-5.52332066181225,-4.47126531708182,1933.18669633135,2399.37263384876,831.881823360453,905.11093051428,2730.94712123909,2512.3419766749,2510.9614015729,2431.50008622109,2738.7565391732,3205.70931090863,2864.7207775141,3128.77984400506,3699.46992352215,3407.8561355531,2764.18694524118,2011.17907517005,2058.01442391824,1985.87041609146,2155.88271309201,2901.1782713693,2350.97434928606,2403.66795225854,3009.2505292559,3385.65183837397,607.060699325369,2919.25476868777,666.692112934209,938.017145086542,2539.06186129774,2688.56058405932,2872.98599764813,3434.94570669502,3264.29629018634,3096.12312813951,3606.9814419756,3596.06398368962,-4.15735032381326,12.0631852126744,1773.96190213305,1925.34730871457,2146.87572436235,2356.40943075964,2656.3874137671,2499.99416077976,3076.79338130198,3254.04371245759,-1.54561751686606,5.40884061781435
,35,2193.3014612286,2276.95970035133,2980.7734137088,3002.46674029521,2664.8564668895,2885.7723852235,3183.7148828303,3076.17136759318,-1.71474656350392,-9.40572238966979,7.81395639743323,27.2611016000878,1943.51098099511,2458.21730446945,2623.43360348788,2798.93895077305,2851.07567113972,2612.56963939099,3101.20851449382,3304.44072289074,2084.07384718902,2355.23198990277,12.6628691311566,27.0655324485838,5.44990442896642,0.216784241137248,3063.04704102719,2779.02699780976,2022.78672227596,2001.42957479569,3542.69892479857,3783.58225715547,3000.39133530536,2839.41684164509,2.42101026644104,3.47267499908503,1975.35362654418,2456.11586936902,868.017876370571,944.719863490684,2785.73710859969,2574.95623403361,2613.64856821858,2531.89893447431,2774.5436686732,3247.72120668168,2950.65877905897,3214.58410610023,3745.18067884332,3445.04956119137,2822.98911061115,2085.02896124087,2258.54050200122,2185.51176297139,2182.46905710039,2936.86875545221,2420.8399415917,2496.81238557057,3046.4672819976,3425.84378161591,635.065993871838,2978.78961840765,1036.63549296216,1278.16084206443,2593.71436584058,2731.94154027238,2904.0781846836,3481.95691920855,3315.4808981297,3141.51687712098,3655.87215543221,3647.96880025905,-2.01970652112141,13.2132357578657,1805.18926112958,1957.07754248973,2174.81263811075,2383.00308947762,2687.58657812677,2527.23774391572,3109.25142435596,3293.66124939916,0.600548928156059,14.5159341398321
,36,2253.91706753694,2347.07558991601,3024.50123730086,3048.25557897853,2706.6477620174,2931.35912501787,3210.12611288143,3107.24947510807,-6.1011605876256,-6.7407296156066,30.7313679229865,69.8197727803872,1997.21230665594,2534.13009714162,2662.19102243829,2843.41244794763,2905.06229523177,2658.2940094552,3132.24828689619,3343.74010715356,2121.14882709222,2397.3251832213,36.0826893167705,69.3703485496853,0.577780640070159,-5.59121506326937,3117.28957614885,2839.14889865577,2089.62793864089,2062.49588985289,3584.92288742884,3828.94525234123,3062.64891860952,2897.93927268165,-0.95852844373394,3.26242378072629,2015.19635917867,2511.81941523566,904.017612865634,984.166271888063,2840.31170772614,2633.87902388773,2702.56964692209,2616.34830514748,2803.44710726287,3284.26602206562,3016.22840917489,3291.28641172601,3785.0997551814,3480.66390304206,2877.7796135248,2153.75821256108,2424.20056535886,2347.74465484977,2201.49240028207,2973.1598668822,2482.13872939393,2579.85100873643,3082.46908797761,3464.99155774993,661.13241320716,3032.66463498054,1387.83732626259,1587.55454070175,2641.91301380173,2774.1204146914,2936.70887604819,3518.00715171646,3359.67293000403,3183.6568996821,3700.87380889631,3694.43741649302,-1.54023214764084,23.9774966300729,1834.82061736503,1982.04275565764,2199.00526784972,2408.10222038672,2719.34199177168,2550.93888657058,3128.32485682577,3331.32717846687,1.77426428040326,32.1840136685601
,37,2306.31696715883,2408.3227561623,3064.39774718453,3091.84793209963,2744.71332012299,2975.85482996024,3235.07799069496,3132.81296968079,-6.13524897848492,-7.52254304501503,62.8421381311068,145.441621996883,2044.22812459644,2600.64805561366,2697.3756188994,2887.8464912933,2954.68676263093,2694.1327189073,3162.67938344164,3371.79478939828,2157.11531994268,2438.72166382658,79.953590993463,135.231031326895,2.63736932766415,-6.69160079633957,3168.79307974726,2893.73470771353,2152.74225242709,2120.16506722677,3625.23134837353,3873.09881390781,3113.8591344318,2948.01338536745,0.896196026815687,-2.86759139841161,2052.89152511448,2562.54746515686,936.29559450431,1024.88846168314,2889.06062994081,2687.5014397379,2779.97025171167,2690.29837249738,2831.84239600732,3318.57532244459,3082.46937343257,3356.38936735719,3814.0852076403,3514.9414121515,2924.06567111105,2216.09594909753,2565.28888744627,2487.54950645327,2219.81022391347,3003.21712961799,2536.61196186246,2652.67144163308,3113.57009154968,3496.97234603641,689.601529094641,3085.35230410679,1702.9598435573,1841.98718874225,2685.50871551051,2813.75286155347,2964.87687458596,3556.7761324119,3402.52356365497,3222.36045437645,3739.90487029323,3735.73764342914,2.81983346728566,33.5566896635501,1859.40632325031,2002.93583647596,2220.60717853943,2430.39101632171,2743.32974219757,2571.1768536291,3146.57860508269,3360.08131165115,-0.117160009722284,64.5958564490898
,38,2358.46698223391,2464.58557166321,3095.72399800213,3123.40222732679,2776.83826357299,3014.34842522183,3260.96807435575,3155.89502610745,-9.88971923312511,-3.49108172517344,123.743368493029,279.22051327158,2091.75705182119,2654.14533727075,2733.63865589486,2919.28214570352,2998.00717652193,2726.51241453513,3182.99227074994,3401.29183908567,2186.71170907274,2475.62022258944,164.345647484673,264.062420565554,0.527296477436266,2.40091435970453,3211.22183731371,2937.64494786138,2210.94298355246,2172.4462717455,3661.01130264847,3911.07960896445,3157.18269461618,2992.66926574126,-0.127850810762084,-2.15698973139843,2087.32029656418,2608.27782414204,969.384399438074,1061.07303443435,2934.02191412252,2737.70486233574,2846.99397771369,2754.46324732061,2854.49034017535,3349.80743128532,3134.83963043452,3414.9863770827,3843.36886216579,3544.61102418828,2968.72455080857,2277.29863063201,2684.93984853038,2607.0566072425,2235.36646539517,3027.60139493743,2584.26363903677,2716.96895687195,3138.49003166397,3524.95498157406,717.527276241031,3130.53432645492,1962.80955848921,2045.05327000148,2717.6230682571,2847.55922417723,2986.68387977744,3586.71162930383,3440.01306751733,3258.42021104343,3771.57930460268,3768.21723869664,9.87555518815589,79.0169026566118,1873.07601142349,2021.1324092453,2237.01894164021,2451.07134317192,2765.05974669866,2588.81104323219,3163.79767513801,3383.54345627886,-4.65037513605375,133.188806708222
,39,2398.44755094747,2512.44494366593,3126.76954073238,3152.98389189824,2804.96952739092,3049.94469128042,3277.1482232327,3174.71579677199,-3.1233271611095,-6.38943650771944,249.166398256445,477.865027692574,2135.63910645917,2704.99938536365,2764.45327213274,2950.88869831544,3031.3802863397,2759.70316754349,3200.86773728557,3423.23990762062,2221.92876122123,2514.74601067007,300.410444228051,432.29709088833,0.601129714479612,-1.92168725292777,3250.71357540544,2982.73539415727,2267.74044555091,2223.43825138877,3694.45488849136,3941.10799208433,3199.89758650193,3031.77067302375,2.09500249610983,-5.32681105093116,2117.70735692821,2648.716915108,1002.87226694414,1099.20853237833,2973.49460523423,2780.88507411281,2909.26135720211,2811.55741050276,2877.34464812416,3376.03739972857,3186.51271323989,3467.10422974425,3868.30862162246,3568.32354233202,3007.80341526545,2335.43296902173,2786.85786827516,2706.91498259901,2255.18429343527,3047.654578268,2627.53199187774,2775.67342355095,3163.37915238367,3551.03544938369,749.543742112502,3171.30636920303,2178.70192409583,2208.41004302234,2748.98848836701,2882.68569962414,3006.43072794103,3622.42110341255,3474.11329120635,3291.72271077,3800.21180674827,3801.74887795503,21.4558577198159,145.833390933109,1886.4343527598,2044.27888567543,2250.1690717132,2469.28329944735,2785.8472223505,2609.7331698191,3178.03172027866,3402.28864424141,-3.5166803557554,252.283901255222
,40,2434.66245049157,2558.00232667791,3150.51621427129,3178.31801203854,2835.86254073219,3083.6251814476,3294.00335608532,3188.48193963164,1.89362905542157,-2.41010958417382,437.560333813703,750.150409632508,2173.3353862469,2746.27014030025,2790.09027164729,2973.78899163861,3058.4934349692,2787.13372818073,3217.62930080479,3440.79986940192,2248.66259555682,2549.3125505062,531.405257772877,652.367019051559,1.43755006944593,-3.73153380851909,3282.95394932945,3029.09251514872,2318.81302154183,2379.25958377583,3718.90263518007,3968.71643682434,3236.61948499354,3066.33528227807,0.399744198063217,2.06440612216511,2145.48576407525,2686.49057698228,1035.04076149456,1134.30621387905,3006.90011833505,2821.45679687544,2963.54122531986,2859.93197753025,2904.39835443116,3397.32694630963,3226.00751054291,3514.28150146141,3893.94093573521,3587.5861344987,3044.97512628541,2389.4284398137,2874.92260229166,2796.05908435247,2271.13558417426,3071.32865106002,2664.35150752997,2826.70989207603,3182.0519105604,3575.41032878582,776.978995440057,3211.39432660357,2355.67789250959,2348.90468086454,2776.97803169637,2909.9250363531,3024.80939662131,3644.39522909229,3504.48721397242,3318.61590392523,3825.88490606509,3828.18321519605,53.4476280567683,292.378179367533,1897.69731058745,2067.66662833186,2265.6294975774,2483.56706022977,2805.95044713927,2628.14750665093,3189.82825459903,3422.33157571184,2.03587123457373,462.33819097716
,41,2465.78328186019,2602.60825582991,3172.20612956763,3204.78692897895,2861.67041585389,3109.70833227383,3306.12766447781,3199.63493728309,4.50438246585054,-9.18859606110573,677.548667854023,1018.06028492565,2199.73833204035,2786.85281592659,2808.58140904829,3000.36702711463,3084.27393843485,2812.09578975166,3238.38875912934,3461.65198749266,2277.00956195287,2578.61793782545,829.242561754117,867.246154036173,-2.93441790882389,3.04710973616602,3314.50573364423,3071.92073568669,2371.48912420053,2538.81121353045,3739.65893181961,3995.53132962207,3271.18830103629,3093.6090569208,5.85854253389289,-2.57749965440371,2167.01261894382,2723.88250338525,1063.43024024415,1170.48655681372,3038.22268443014,2857.47341477326,3009.6010044014,2901.45008918812,2923.1534032083,3419.82594814722,3264.12507531785,3555.47883544863,3912.37901526263,3602.64010351166,3074.12831194637,2436.34361447728,2947.14365431813,2871.57365276984,2288.84870672464,3093.60890801763,2696.79553004907,2868.51812347332,3199.15466163931,3593.78347186877,801.116779182988,3245.38848418378,2507.77042793214,2466.79087917724,2804.2920307174,2936.88332598661,3040.88630187305,3667.38195082308,3527.58802073724,3344.7811435763,3848.37526985335,3854.99404286377,112.058643738634,534.154488826185,1911.78786550709,2084.68828821254,2277.13516153893,2495.61498224772,2823.49813918648,2641.14305166877,3192.52815398485,3441.53266822379,0.672090363631469,725.612597524175
,42,2498.18779284751,2640.51961390607,3192.59414460935,3228.4365759436,2886.03144420344,3133.62555210775,3318.13750454112,3208.99927796519,-2.4864531657081,-6.55108999883214,912.640257166976,1278.7892902482,2224.8607314365,2815.37473498948,2827.38742831043,3022.63528268562,3109.6243724538,2830.70572839594,3252.69114351721,3474.25764642976,2295.97896875236,2605.69657598513,1134.23416818467,1069.01284851486,0.137643172806747,-0.342258215388938,3339.41562232702,3108.55770953057,2413.89419136556,2695.39928971583,3758.92425775203,4021.7758729076,3296.83974270563,3115.80158693664,-3.55862526952023,0.959161460523319,2191.37161343321,2757.44295105962,1088.97841932907,1201.2309239485,3070.42626359522,2893.02060264545,3048.25590792602,2939.96933534542,2936.99380987524,3438.33124156156,3295.45221617613,3588.76287792803,3930.84689756782,3618.92092514366,3102.99165873007,2477.74775224685,3010.71056934914,2941.38861309703,2296.1713975918,3110.51395231927,2726.35034983703,2907.92796737375,3212.26371968572,3605.70733087115,822.370149752716,3280.50018888262,2634.44867958292,2566.53190136242,2832.37268799007,2953.10917889366,3049.61576015514,3683.25774204076,3546.03770864228,3365.14183485787,3869.76038773888,3872.04655686066,203.641337377004,896.57105966077,1922.1605379149,2095.26122062482,2289.1540506524,2504.12883635802,2839.30063265518,2650.89002531623,3196.84538125731,3456.06475031242,-2.74548445321352,996.435912743336
,43,2524.88928251928,2668.14234472497,3213.38083393549,3248.66277426177,2909.38407628357,3150.77403102705,3324.35227198875,3220.61723157953,-2.57349486096973,-1.32274041617438,1145.80755955621,1509.35715129928,2246.00731926916,2844.31337969045,2846.20263694173,3042.55396237448,3133.25645717341,2849.05691415328,3265.70890038371,3492.30800111955,2318.03489891894,2628.12379628226,1430.83477145145,1249.77218887642,2.56473809014597,-4.55936757968175,3363.9532348813,3136.10751053051,2457.32928844192,2742.72169031517,3776.08114510556,4041.30458359523,3319.22571351985,3133.35150325652,-1.90083090740109,2.15583881163184,2210.50927506959,2790.9423113295,1116.4645096915,1234.18473368718,3099.97767879088,2927.09508785254,3080.18192132065,2973.85897668123,2940.75139391779,3455.4247025075,3327.14306635124,3620.90303955125,3946.96573790434,3633.89989813331,3127.15106056322,2521.9932666022,3065.19844694318,2999.06035760626,2303.33682293113,3119.92743391587,2752.23132686051,2943.40595695776,3225.97334620208,3618.03932126049,845.622765452835,3306.55075381745,2743.49503507147,2645.08569520974,2851.43610679624,2966.26248768149,3057.87629109088,3699.1557811215,3565.25456982183,3385.90202195327,3884.58762708548,3891.7906648031,375.632895209143,1288.52301693945,1929.534796248,2104.62414834752,2294.66281167545,2513.40639247556,2851.670705398,2659.2693776345,3196.97176266591,3467.47549834835,-3.9389886226777,1270.67013479782
,44,2552.12997947883,2695.04591575556,3232.20839646485,3262.82627690773,2926.26192077811,3172.29770607492,3332.42614460281,3231.92422576479,0.300474399844461,1.07901449296651,1358.64237628272,1719.37755239675,2262.11234029768,2868.12329322869,2860.78729079079,3056.3357495133,3150.51885426134,2858.99555853831,3269.98095594936,3496.47473847722,2334.59358691746,2646.94761278818,1699.68973994948,1402.00987551786,-3.00306747094237,0.877293881852438,3389.4246047968,3160.6940948463,2493.97412887293,2787.35302857548,3789.80126568379,4058.7515476736,3335.18523488848,3151.35735923614,3.04564293822432,1.32871338687255,2230.15602544895,2820.75497526079,1142.5607806046,1263.85491401184,3122.87470453723,2953.84849233647,3104.68193247476,3000.54630246569,2943.30340030846,3471.43560343254,3350.20242727191,3646.84435898992,3958.30192458795,3643.21119761906,3150.52657753793,2557.93539745819,3111.91835826003,3048.56474155446,2307.86777310858,3131.47137073144,2773.73289085937,2974.15395219794,3235.64147729397,3631.87951903031,866.613245211964,3332.2641712948,2829.96010213539,2712.90331081362,2869.491603523,2977.17603620475,3065.39214156665,3707.61450582855,3583.5468373466,3401.81363785992,3902.37407284691,3903.71445595926,678.26402584982,1682.11945334664,1933.36255165142,2112.93129501924,2301.14073513689,2519.62779880048,2859.95045554387,2670.19629007082,3197.38325743782,3473.55173971756,0.141885555469798,1521.77962817851
,45,2573.28601126261,2719.92869555315,3249.82597234907,3274.06557515657,2942.85025798158,3186.06606965394,3339.21535195442,3236.84328649764,0.925660780152157,-2.84499009001502,1558.51324548303,1900.07794416045,2272.28173695641,2890.31114490806,2869.9708784474,3069.08716393826,3156.83862180571,2869.67011202892,3272.51218211598,3502.36420527417,2352.09058387202,2663.15358159616,1927.0153245892,1532.23084433109,1.08185241571482,-2.90551860470396,3407.77643097854,3186.82836522755,2534.62990186879,2829.2924896903,3801.07057062,4069.48630354399,3347.65895203874,3166.78553101463,-4.12096523062928,-1.94726044708204,2245.55842937487,2848.23952930774,1168.93816546948,1294.6952730772,3138.89737153548,2978.75614500719,3123.09644193907,3021.51189584865,2946.72357402652,3483.24618285349,3374.57227208333,3670.1505424338,3965.36358640796,3647.13440376263,3172.04298974548,2593.30756178101,3148.54192091737,3090.63398315884,2312.19254940597,3139.18365043124,2795.84363173257,2998.01409316954,3244.47640000781,3641.53305684209,883.631595258951,3349.9061815957,2907.6089963515,2770.98803086104,2878.52888941812,2989.81265355495,3070.93452503687,3715.7573361785,3598.36208261831,3415.64700858649,3914.97398534292,3922.43705883471,1076.35818548066,2032.05623116883,1935.84437426147,2120.356476043,2303.3437305891,2522.27674257789,2865.42462357365,2673.22703732924,3194.73032427642,3478.55772981474,-3.15621031840146,1748.53605491584
,46,2590.4130745858,2743.64934377872,3263.37046862015,3280.48652776693,2954.37086352059,3201.17567198491,3350.36165844821,3237.48330428438,-3.42274997044979,-3.78533193056137,1743.50915658485,2058.64336945057,2282.88024688213,2913.00242329614,2881.75410022408,3082.09683839558,3169.19896320746,2881.90945834634,3275.00865987735,3509.07333654519,2367.55298365374,2679.85485213249,2126.19570104867,1646.90609795794,0.824742036004409,-9.12211937538541,3428.87671816503,3215.35564084607,2571.58549932209,2872.16113289608,3818.97291897615,4084.81954646182,3364.10419729209,3183.37078769753,3.15177587039079,-1.57943703164892,2262.87673098131,2873.30390099594,1191.72899106038,1321.69104511455,3159.55794311797,3003.29539672957,3141.53265837837,3039.42672849301,2954.20298727541,3499.66454915745,3395.8249647684,3693.84233567964,3976.11612013046,3651.37277429702,3193.74769650766,2627.45642340552,3185.84037197411,3129.10827867609,2316.9288696026,3150.89805853618,2818.73014485876,3018.80542201571,3251.41724604964,3653.83824926074,902.495443880494,3372.20772358345,2979.84348615863,2829.38373270582,2892.21287788198,3008.81863416021,3075.63085240371,3723.9218458317,3614.66351071843,3434.13990982313,3928.46772909795,3933.62785924436,1497.29272582509,2315.74280854415,1939.40411352561,2125.97970881114,2310.23738341639,2524.93848239032,2870.17525670112,2677.47655044186,3191.9891263148,3483.26101915209,-5.08804798118308,1951.5313235016
,47,2605.50998785863,2764.52495111771,3278.3620498043,3292.42234763795,2969.20081231853,3220.98085785403,3356.09851686212,3241.3939462948,0.214382775920058,2.79817168742147,1910.46505535101,2190.15569426386,2297.05148765647,2931.35374651536,2898.96450192262,3098.42919656678,3179.63522568385,2896.59542822159,3279.36397943236,3516.91345607486,2385.80332031627,2697.64367319873,2297.16107768904,1749.28478241531,2.62228703011078,4.70526741978892,3442.34462568473,3247.06520215387,2607.30940551276,2913.28497513616,3830.99582216198,4097.73252029908,3382.88625327166,3198.71117630047,5.70395772858274,5.60229589568416,2281.05856542104,2895.61514919983,1217.82997289935,1349.8091819124,3182.03375637569,3028.72030648247,3163.112116436,3061.90032677809,2966.71978674672,3510.18215795331,3419.19077590922,3717.0346844801,3984.78595725809,3663.04163141312,3217.14888437288,2664.41095441304,3221.69629177624,3166.44719230818,2322.11224853094,3159.10562278849,2839.1181372183,3043.59506584637,3260.82602749276,3662.93902987232,922.73642288852,3388.51203572118,3044.60730423108,2880.97593513752,2903.58217998477,3021.29231323201,3079.8446551765,3735.02331247066,3630.43865184554,3447.96439470434,3941.76462327602,3949.93023024346,1912.2957476837,2539.53126582359,1941.98204700489,2132.7033445759,2315.72820104,2529.35413190319,2880.4846823144,2680.1696534368,3186.67489868705,3490.18691443956,0.359964648424921,2134.38647514785
,48,2615.55273950355,2779.61399473274,3279.97816425088,3301.28572808554,2979.15623728658,3236.35421715694,3357.24167224625,3244.29287838924,-0.739779147854279,3.47604545308604,2055.37504443444,2300.05113767744,2310.56119124887,2949.45519782023,2908.66583307106,3108.58489300977,3193.29869927694,2908.585859717,3281.61076624955,3521.86075757284,2400.27524520737,2713.72787093982,2440.59125542415,1836.12267667386,0.169943676838557,2.80244624277975,3458.18486614575,3267.92076431635,2638.10115736254,2951.85775324801,3839.59135784509,4111.37378843106,3393.21670272648,3206.0422771283,2.45643810026195,1.07689971533182,2292.66476082885,2915.17392523652,1239.11287622526,1374.46865732757,3202.01123322209,3048.72731731405,3180.483748565,3077.86018792874,2973.42758844539,3524.05423580527,3438.21668259064,3736.31713439785,3989.33605424906,3668.36763059786,3234.96560975184,2697.31526479044,3251.59926711445,3192.721750536,2328.43599007506,3170.52705750589,2854.17102148203,3064.737799293,3260.51618466615,3669.23892883338,941.403757717646,3403.01123395856,3094.92240981672,2921.98155905305,2909.77922379861,3032.46876144453,3082.21786216739,3742.82869366165,3640.67734904383,3459.59299641416,3946.84226021533,3956.22446177124,2273.98605506755,2713.12405459037,1942.72366351853,2136.63507171806,2320.81207462818,2533.68220735033,2886.43217710113,2684.52489502174,3178.86184032298,3493.29040843171,0.521208335947904,2288.48334408619
,49,2625.74857984873,2794.04579216943,3289.82322591946,3312.50755842436,2990.63293415832,3249.86434478837,3356.35077469597,3245.20574964057,-5.42927579612297,1.61602929030369,2178.12423221648,2395.86147081238,2320.22160129935,2961.75318084668,2917.12636566862,3117.98703326223,3200.26360974128,2917.70929078159,3285.48375601124,3519.21960596747,2412.72645876969,2728.9656200772,2563.07523970645,1914.18827014033,0.651547497577667,-3.29423804098769,3470.11903642032,3289.11813205365,2671.72526452461,2987.87475179623,3845.77524931066,4117.39553189054,3402.08721689025,3214.06625611781,0.93102320511889,2.61584032457995,2306.49795719581,2937.43702194949,1261.84286789828,1400.01802472434,3217.70130624417,3068.33981984581,3195.50100274078,3097.35341290722,2985.2741312171,3526.13326124418,3453.80554063635,3748.41410496225,3987.68263789598,3669.98522056868,3251.84445739843,2723.50751150798,3275.17183831247,3222.81453633556,2331.97602553915,3175.65745526132,2869.48729586783,3081.50967104157,3263.96795127176,3672.7331595023,957.887533920923,3413.88043842264,3139.06036427531,2954.78036886072,2917.387563866,3036.82804872865,3083.03905304755,3746.37302379529,3644.77842137372,3463.80835814198,3950.74482272479,3966.20563072386,2559.07150553255,2846.45910158435,1941.51452184472,2139.77354696252,2319.06577124023,2535.56837800374,2892.35803590124,2689.46303943837,3171.31249410687,3496.18794396608,-0.738034252825855,2424.48361636547
,50,2638.57049914711,2808.98126882757,3298.16813546641,3321.17746906323,2999.39569627554,3253.33885675303,3355.40614906909,3243.94804323241,-2.7265264183643,-2.08477845854486,2284.2795778752,2481.13650711776,2329.11061179434,2977.72815672361,2921.68489543605,3126.33219344502,3207.0259492439,2924.16240844555,3284.97250825756,3521.15457523993,2424.1643472644,2742.57635458941,2665.91890184555,1980.17099086605,1.59328671353569,0.458946584904425,3483.32387872568,3305.15979659971,2704.93242238559,3022.89561115247,3854.77806121132,4124.44727915947,3411.32127230284,3220.27902383018,1.72205571887707,-4.44584624676463,2315.76723930766,2961.16834435552,1282.01657065213,1424.72545992156,3234.53030982062,3087.96466996662,3210.53074844596,3108.00385684071,2993.06036637509,3537.39596600123,3468.15337867291,3761.52744756456,3989.56670946994,3668.40157292672,3266.10061512805,2751.50588738939,3295.53507277391,3244.46765687216,2333.26667050387,3181.03283018769,2884.71539609605,3098.42989918342,3267.56837937319,3675.81425898896,975.970977248358,3429.79934583188,3176.49923059823,2982.86535690789,2920.35726180263,3043.2652892731,3082.65862320062,3750.39458923881,3652.73685899666,3474.31389868865,3957.05324440397,3973.19670872896,2784.33773677421,2951.22780261424,1939.97602928245,2139.37351947467,2317.60390845305,2533.9687396425,2896.10050684758,2690.46356394899,3166.02446003109,3500.34298243168,-1.16914071968722,2542.44342429416
,51,2648.00335948813,2822.62762737246,3310.34070384076,3323.78881861195,3007.97462396827,3262.29781356605,3359.99835328638,3242.91354125946,0.803260685394889,4.48557055502124,2379.43089006177,2556.32407933774,2341.88340652133,2986.90402806282,2925.43683212625,3136.70701437858,3217.76903367073,2927.33156154173,3288.34976319928,3522.91856231571,2436.43046605827,2752.71506013037,2758.94239123456,2042.14303004455,3.04656781529502,1.25204615360371,3497.38346879725,3327.40920405849,2736.82898712029,3055.57559162153,3863.81129505688,4132.63017657705,3425.42140616205,3232.33593371663,2.52390911501698,1.82598770370123,2326.44358580049,2981.44520794697,1305.06622252329,1450.81360421229,3250.44339514715,3107.18166772699,3223.77648766423,3124.28776486321,3000.05757822071,3541.74064353791,3480.37069013356,3777.9592434349,3993.77392638082,3672.22818576802,3278.64288374207,2779.91162628805,3317.19165428698,3270.72786035881,2337.23592778224,3188.18765589637,2899.09330289972,3115.10935271,3273.13681117206,3683.08255135836,996.535532756325,3446.33629406723,3215.39770747416,3010.783754458,2928.72371707197,3049.46988971869,3085.35115488516,3749.82615338127,3663.30411722695,3484.60892432279,3966.57567607509,3979.88096264666,2957.66767274716,3036.29059875211,1941.54580062892,2140.87170325526,2318.20668392655,2532.202511495,2897.83950919092,2690.60088049006,3159.79822068821,3505.44078198624,6.67160440853286,2650.59639928592
,52,2658.71199818859,2836.09405710626,3316.06882146741,3325.79953422339,3014.46207031497,3272.08971946755,3360.05765845951,3243.57991348768,3.50658847826662,-0.346948453305231,2459.30915464808,2628.28918742142,2352.1401121786,2997.67551675134,2929.87676455899,3142.50452360471,3224.39097597178,2932.35093396244,3285.32665472432,3524.68694210681,2444.77310539765,2759.37311531471,2836.67884153949,2087.53500543373,-1.82555538198221,1.80902603185996,3508.04993343199,3340.7899888821,2763.17115372188,3084.48143902195,3868.06190784403,4142.12382986005,3432.15189872844,3239.00487102085,7.21974041482099,-2.05346622836532,2332.93355310065,2994.49315333424,1327.49750914623,1475.56903235412,3264.4886920386,3123.22923238816,3231.54201195382,3131.09330551551,2998.05422833717,3549.45697355834,3492.99569168972,3792.23448484175,3999.16061154624,3673.89336264994,3288.30481051684,2806.63861788059,3331.89067689358,3282.50826408945,2336.64137615133,3194.02749737115,2904.86971570546,3129.45638910405,3272.20401485611,3685.79175230747,1012.94884986928,3458.7831734096,3243.97234312008,3033.97207994776,2928.16037916703,3052.16309194979,3085.73778590661,3752.27796903761,3673.20078745773,3492.40559325242,3971.84567841901,3980.57237986279,3092.8485793579,3099.7714129881,1941.43666079936,2139.68671916471,2317.14795531096,2531.08051680197,2899.78886352062,2688.03306634109,3150.21806126244,3509.77591333788,15.8416242123376,2738.07468877824
,53,2662.99854738109,2841.12582204021,3315.81721400115,3325.86430916105,3019.72247203216,3276.34050883748,3356.09760170002,3236.05729562646,-2.56395214307213,1.67250104320237,2528.61780321633,2678.90516508354,2360.23104229551,2999.52608740446,2927.70166922021,3144.52343049761,3228.1682986887,2934.89334069151,3285.17910583792,3521.71201590673,2451.25322103218,2763.23859574379,2903.60052781571,2129.3279275814,2.14188496302086,1.72194381226882,3517.38834694292,3352.04474244691,2785.07696551369,3107.42089172899,3868.08201694693,4145.97537350565,3431.64024323463,3240.6721496477,1.52670872899398,-1.23793272737385,2340.12897505768,3002.67998499631,1346.86869174988,1495.28286025215,3268.52552446674,3135.51543928191,3232.66649749853,3136.11932510125,2996.52454114405,3545.06036197314,3501.84178616047,3800.90713154208,3998.9884744635,3672.86280343674,3294.35506295634,2828.11355882619,3342.14475275575,3294.47748381177,2337.67795851141,3197.57503509613,2909.99302719318,3136.00031383348,3269.88621408004,3684.50291863612,1025.07492957772,3464.77269118362,3270.17138153525,3047.79665539873,2930.39384323125,3052.11644313433,3083.79664864083,3745.58960008544,3677.06080911287,3497.01487393094,3971.14948947519,3980.13716965408,3198.06960618826,3153.30968650133,1943.38373704725,2139.73835467024,2314.66919511663,2528.92894471246,2895.63108962223,2686.57077282371,3138.62150739536,3507.00929103932,31.8248107935351,2814.04126370457
,54,2667.39897623696,2844.37341801955,3317.63463733317,3326.14805842284,3026.86758217819,3280.99052777014,3350.69517766128,3231.00716794232,-1.18950892959265,7.03287080291966,2592.07856838509,2728.92473868004,2360.61996540798,3008.68464142675,2937.0123140441,3144.94720867711,3230.117527438,2937.53254513445,3280.51199848268,3519.98228248303,2458.42605039049,2769.25200930933,2962.25829229136,2165.11011841095,-2.99344298522965,6.1448854930718,3522.51825615124,3359.59059806086,2812.16901986079,3137.33937826329,3867.05866296286,4146.87222794239,3432.26884854167,3240.25656923144,-1.15650877825556,-2.48812219998581,2348.39470316519,3016.08754848314,1366.04692966672,1516.43075848253,3276.04300746328,3149.93672717868,3239.62585162405,3136.71737800454,2995.73165537297,3545.92043564928,3506.82117800398,3806.70887192875,3995.9361580088,3670.44649140552,3301.1325183891,2845.48541550043,3351.64006468938,3304.46958989268,2336.54464522851,3197.02388105104,2917.28151645209,3143.53466626379,3266.73546490901,3677.94422219953,1038.99428861384,3473.01979194141,3291.58291890218,3060.95959000549,2929.58476806059,3049.51823911837,3076.47664950344,3746.95024574054,3677.89553616786,3500.55937975691,3971.77690759024,3977.97473032244,3286.92547465085,3193.91106757005,1938.96542816823,2140.0790818355,2311.35309402604,2525.32605765587,2898.30398061825,2685.060161792,3131.56728792979,3505.66291082827,58.0514920040573,2886.13658081712
,55,2670.91399661139,2846.86282124088,3314.31826776717,3326.67231813437,3030.52739478752,3283.55790529045,3345.98943212959,3223.25636837635,3.37989983289435,-1.60013794266206,2648.66484432552,2763.74944194817,2362.00349051668,3012.06452411609,2937.19558622381,3148.82942326833,3233.09239069339,2934.43262182761,3275.7523882616,3517.24834816042,2463.44161224775,2773.73089392512,3012.17034422127,2200.51499960603,-2.22291020494549,-2.26786631431969,3527.77478347811,3368.65322558439,2835.04305701472,3164.29397270572,3859.87543132589,4146.97552466423,3432.70862701533,3237.57419541444,-0.945665335200374,-0.449412711741843,2352.37248323946,3025.98785687438,1380.89838143593,1534.86032908929,3281.50421469554,3162.83209919203,3242.60891638231,3137.11783686906,2996.87593957898,3543.85580229502,3510.15213204928,3809.51122207889,3988.94705106008,3664.3912771579,3307.18169218883,2864.45264149167,3361.53450121364,3313.54518646311,2336.61677729446,3195.38052559923,2924.96004373435,3150.0516591624,3264.91701007221,3670.99968072879,1052.80805513494,3478.90362106223,3309.94286773742,3072.37259046907,2932.49297017432,3048.14300830703,3070.423547485,3742.66900707927,3679.42253711855,3504.86612353791,3971.13264985048,3979.09108124516,3362.07680110782,3230.48323955209,1936.26503696921,2138.46460826828,2307.49341364004,2516.4011909992,2893.14675525649,2679.46347384399,3119.79527255046,3500.53691840732,110.385401959102,2944.03656015543
,56,2667.93200764046,2853.20639751274,3311.57246757531,3324.36085107651,3032.56118979257,3286.45900317958,3337.75947728475,3215.37056997547,5.95120855886853,10.9411498638065,2695.87895582745,2802.26155029133,2362.81772861023,3014.40600785592,2942.66189680559,3150.52012026857,3235.50618184831,2936.15143382457,3268.25790843285,3517.346978721,2468.30388532229,2779.47303119962,3053.41941087002,2228.70422962278,-3.5175851199474,2.78727892459028,3532.17727879718,3384.95425690894,2862.93723025637,3194.84849232122,3857.2303939212,4148.36854820977,3433.44715662038,3236.76436543977,-2.28610693514838,0.773755701511618,2358.21848553601,3037.23439819163,1396.39067146646,1555.42974094064,3292.06059311589,3174.54460781429,3245.45666356017,3141.30254284696,2998.41995068628,3541.89275057056,3509.09096933285,3813.06835745666,3982.62050088113,3660.83124641275,3311.5568779174,2882.35526425025,3370.06568370118,3318.82033876022,2333.97981693092,3195.28482302046,2931.74917156494,3156.98123748278,3260.7581979555,3671.22784213438,1068.43269225543,3491.6755933665,3327.97033091271,3088.36341316937,2927.93164017551,3046.89551121693,3064.62946801336,3747.08126250738,3681.0377796947,3507.28397685008,3971.87000862879,3975.00030145972,3420.63997627061,3254.54001039323,1927.54585686028,2135.33351940224,2303.31382696723,2510.39598786904,2890.15144277861,2678.87357326323,3111.522137991,3499.821702753,209.251030424439,2994.14651538625
,57,2668.18566544731,2857.13442314118,3313.83769852205,3326.33711616751,3035.62071561384,3288.63208497314,3335.57946143769,3209.62847514828,4.24779034871426,4.72758735771231,2738.16061555558,2836.43793628141,2365.37644057123,3013.24910857679,2942.2318440203,3151.70210075663,3233.01468758579,2936.83556770536,3267.57164338928,3515.09562095708,2474.12648983471,2786.80688154815,3091.45105325141,2256.28453009494,-3.21959232258769,-0.0478015585381399,3536.02273988408,3398.8000429191,2884.70728120354,3218.92374800177,3856.38725844467,4150.07701853111,3434.92639242685,3236.9192588996,-5.15232081029899,-4.15805511911276,2361.71027003673,3051.44897001201,1412.84719772711,1576.4070055195,3300.00424706846,3187.29618781596,3247.34847287481,3145.13633704612,2998.43829942648,3539.90773650453,3515.5134909655,3819.68055935181,3979.55107186174,3658.22666624593,3321.3198738859,2903.98842290683,3377.79922101343,3323.30630537307,2331.3646565029,3194.50551705126,2933.7602340933,3163.15302845495,3258.2083426788,3671.9033875141,1081.41825001904,3497.75762344662,3346.21693210613,3098.47495427824,2924.64592541757,3049.96177616384,3062.11463474353,3743.45784312499,3685.63894713096,3509.58323268971,3969.28419576115,3981.8473387169,3471.25044846464,3277.25983539303,1922.50938258829,2132.66299276669,2296.53875996218,2508.12652610048,2887.0772284543,2680.11615937692,3100.11015411734,3499.20361030028,349.689676731727,3033.8537277076
,58,2662.78389644955,2856.4895293813,3310.38193998957,3319.68602012449,3031.18370521287,3284.9309281061,3328.68189869849,3199.54203338867,5.54258934614882,2.26287011390195,2772.27075965336,2860.11445474928,2364.21746949279,3012.64891836548,2940.93386511156,3150.25427467441,3228.70355894601,2937.55044902374,3265.86843282763,3510.66135227559,2477.75235525318,2789.78271950545,3121.32419472476,2271.84841130373,0.536377561603786,3.38919528505676,3537.76419301988,3406.78411716422,2904.14117252459,3239.9387321007,3852.94034524299,4149.7950349936,3435.84452688619,3236.46457078096,-5.90099497061055,-0.62003813545698,2369.2787842937,3061.8363714561,1429.40458917621,1591.90405540927,3306.0627047883,3195.42685653826,3242.52870205296,3146.56369091834,2996.18605038213,3540.24196328219,3514.43475866555,3821.26058105442,3977.14800150569,3656.5033517043,3325.12972878555,2914.77161508723,3379.93427106314,3328.74804786822,2328.10509964689,3189.34704945358,2934.3422693945,3167.70284761496,3250.13483531416,3667.35738724404,1090.27876096009,3504.14224805142,3358.65924954165,3102.10755595293,2917.74794752035,3049.32369814726,3052.7518915765,3738.35675340661,3680.70057725805,3508.62064934899,3968.86014443727,3979.36112356721,3509.19132085279,3285.53451304028,1916.74960972887,2123.578600083,2291.24526713323,2505.58472880018,2887.20742499425,2675.91838788749,3088.83889226575,3489.93147583954,538.276802184694,3073.98164532847
,59,2664.82587785147,2858.11531648354,3311.25725342659,3318.05398814692,3031.97237814187,3287.95425791261,3334.22135883817,3200.25226472556,4.27363146009611,1.74427519503024,2809.97097329899,2884.92627986391,2363.20729961297,3016.03361116236,2938.73241459212,3152.67712933018,3225.32663546833,2937.59433594336,3265.05973120641,3506.21819130129,2483.64908226809,2791.74575923597,3155.43682845698,2290.84051216115,-3.1522110202759,-2.61671062819369,3541.40341793828,3411.69951587623,2921.8998142139,3261.0370782909,3854.29317189753,4153.16877254133,3441.86972744074,3241.27932103895,0.360031657025047,-2.52750324346471,2376.9350945918,3074.82290712151,1449.79304455586,1614.13918124287,3314.38304044281,3208.27009911058,3248.01038682791,3147.49492326602,2989.65867222913,3542.509427203,3523.81153342709,3827.97384758311,3977.30042141339,3652.92953401295,3331.57416820022,2931.53844693862,3388.38221631902,3337.38075703791,2326.98040883286,3189.11996450666,2936.67276374531,3173.65069432328,3247.62831956453,3665.98965112971,1103.41772019774,3509.13645801207,3375.49380243084,3108.15512715852,2919.73152746195,3048.82087995821,3049.29859503208,3733.34339107554,3680.32118431243,3511.36718431481,3966.98432463365,3980.06568618955,3548.74527109288,3296.5094513136,1914.12848484019,2122.18803121804,2290.93640273684,2505.21732582521,2889.14400296173,2671.90844353221,3080.21931451494,3485.60421380651,748.274526917027,3117.26590058145
,60,2664.36022878178,2857.84728456929,3307.20922308768,3312.40167822628,3031.86254042505,3287.88266348842,3332.18521754143,3195.39979924684,3.03054052908328,4.97394847817304,2842.10377225671,2895.29751128567,2360.91272967,3015.17465916543,2936.1408448388,3155.61260521444,3224.32068685073,2935.53828163245,3259.58651804492,3499.52167690398,2486.91518876101,2791.57811022335,3181.27219926167,2306.62332105584,-2.14497115089489,4.25351442726014,3544.92437067861,3420.63502984604,2941.46426219845,3281.05682126151,3856.50090955041,4154.8330134629,3444.28250197855,3247.22522185286,-3.51927614675242,-1.62035080967325,2382.49130097411,3077.63445639686,1465.57864610568,1631.03871887242,3319.93691339005,3219.21919729592,3247.06990860186,3144.86676498906,2990.54063118518,3547.71384797499,3523.92484726454,3824.69645011207,3974.88404119481,3645.33169661776,3333.34547375625,2943.47417755187,3392.02118553101,3346.08846410869,2326.60097915743,3188.0862860812,2941.07700700111,3176.76619079736,3245.8407099427,3665.10362604603,1113.93045141519,3513.63529138093,3379.07601470649,3117.21026061458,2915.16084397808,3044.97764549346,3044.32386601261,3730.90761387438,3678.37220405722,3510.22505370628,3965.0735275009,3977.80661157941,3577.02383189959,3298.79081509997,1910.748595937,2115.96229398363,2289.44839563523,2499.75559687465,2880.51937975132,2665.37769119993,3072.96271380391,3479.68523926964,960.933375656065,3153.94741220393
,61,2663.21488072998,2854.49295074271,3308.31245856251,3308.55110746959,3040.45034432647,3289.81014543864,3331.68807872695,3191.27974277184,3.49662085372802,2.66711727125721,2876.25728472733,2906.01998016611,2359.06147703824,3010.4315967812,2938.76626574096,3158.92925264372,3223.75756748859,2931.73303549393,3254.54279394824,3493.46467823159,2495.42919610725,2799.07407536839,3205.29216534126,2329.37686762066,-2.78199112169477,2.25869474034516,3546.867113791,3436.66833866767,2965.53492897325,3304.51361554739,3867.04675441499,4155.99309278906,3445.82735069788,3254.38573075689,-2.07194343532365,-0.0423657399874173,2383.51037836832,3082.32664718329,1481.24565010691,1649.35003911729,3323.85986668776,3234.48661280566,3252.0737867922,3144.18936556672,2996.4819387877,3555.92989812873,3527.43128739928,3820.89715835317,3971.26200057496,3638.00570627836,3339.30348426797,2959.55252541755,3398.35227029016,3357.04952460248,2329.90393015703,3190.45045182532,2948.78668920346,3181.49942941557,3246.89374750297,3664.53304766563,1126.61747102327,3517.22227391331,3378.31794714874,3129.91263473127,2908.82762847596,3042.97991252539,3040.65549956528,3730.77350761601,3680.85558348794,3507.96072023068,3958.30950393575,3984.17473587348,3604.44357726192,3305.75849025037,1908.80245215814,2114.2258562733,2287.89043387534,2496.24511483445,2867.24374787653,2664.61201613652,3069.57265347297,3482.19254735097,1176.25334840181,3187.2790718061
