;Cycle;A1;A2;A3;A4;A5;A6;A7;A8;A9;A10;A11;A12;B1;B2;B3;B4;B5;B6;B7;B8;B9;B10;B11;B12;C1;C2;C3;C4;C5;C6;C7;C8;C9;C10;C11;C12;D1;D2;D3;D4;D5;D6;D7;D8;D9;D10;D11;D12;E1;E2;E3;E4;E5;E6;E7;E8;E9;E10;E11;E12;F1;F2;F3;F4;F5;F6;F7;F8;F9;F10;F11;F12;G1;G2;G3;G4;G5;G6;G7;G8;G9;G10;G11;G12;H1;H2;H3;H4;H5;H6;H7;H8;H9;H10;H11;H12
;1;-93,1988032752161;-24,4038515838356;15,1177514180199;15,2061607693749;-5,51541503002954;-21,3980383956168;-14,3421790154875;-23,5127875350399;-20,0199947404121;-20,23982968153;-57,992049843524;-115,0241996186;-35,7848646610573;42,5840494234262;29,3201175784016;21,4250162499393;8,2390695928525;2,97351707074722;5,64942119103307;8,40382902684087;10,8224624357367;31,8060369976338;27,1576647391876;-33,2355934976604;-13,0068849310264;31,2539807394933;29,0028566253459;16,3285275219896;28,4327357024704;15,4591179745421;20,4737150370484;18,6164026781166;14,4251908132046;40,9879425634726;58,4397143096876;-42,8915795348394;17,2915494263243;23,3283871439071;43,9050251530534;27,5198048118373;12,0519446746212;39,5765960194049;17,1096691851812;2,99746567835746;8,280500193629;21,1353234298258;11,7421735057214;-22,9335855455092;25,8745737967574;30,0989877652837;6,92587497609475;18,670965442956;33,1045938953139;32,7496524267162;20,752005057825;19,6112290325032;18,1331562711957;29,6146585222978;57,9585664673186;-1,45421165413245;47,921464878782;17,8886018279572;-20,2322157195085;-23,2395021797151;48,9113125856438;165,653370927134;18,5123537962372;10,7312482916959;-19,5062724660347;14,4915056595009;39,8281955183938;-20,7099257872715;-19,1408103902822;-16,3062288168571;-19,9941994767014;5,35968650047471;-23,5489996331817;-24,8242604792858;-21,0975868802784;-19,2459289331828;-20,2851715485454;-18,8523551272074;-20,3738003043445;-24,4750966897018;-14,7168655689611;-18,0470007538534;-16,0354542463201;-19,9483699714929;-19,2228343946499;-15,8523856579081;-16,492527678125;-18,4911707418887;-15,8048822297824;-13,2315765914636;-15,0066113364633;-21,6443154463036
;2;-33,5298980563339;3,29600785851289;5,15919098253107;0,000844720680106548;-11,105094001965;-16,2828879749522;-0,847579910254808;-7,42181233015663;-10,4050287468904;-17,4435960138671;-31,3599081198054;-50,7779814041387;-4,08265125984508;7,99888245369675;6,53451378444879;-9,9434261907063;-2,76273645703986;1,02160040175659;-1,55274839954336;-3,18107199194037;-3,14415464850936;6,2768216458644;-5,32857691362642;-14,0286056476207;-11,6546302157449;-13,4079959673318;-13,4187158958966;-9,9573101437727;-1,8591171205635;8,3951079866938;-6,90760131684465;-2,49910121065795;-1,37911406026433;5,48613953570384;8,01453415766173;-26,575593977409;-3,82973616799245;4,02220201133423;2,09508711572471;7,08619705273577;-9,08275614555168;1,12348471881342;-2,75023650839466;-1,85556164057334;-4,76570776777862;12,3688135329257;1,15368693614801;6,15150074321537;2,44908118684361;1,43093548245361;-18,7032414082823;-8,74729292425036;9,60630642739943;-4,36937242053227;1,30795720996184;4,99791823781379;-1,5256782996421;7,87963509386373;29,1112952633339;8,38456781324385;37,5781401762069;-15,0393033725341;-16,6523939873859;-9,63697159521598;7,61884337454467;11,5373138858704;-0,529208278599981;1,92301262625006;-13,709196888512;15,73699609092;8,35322052036645;-15,5598782162533;-16,5582140010592;-10,2745071991167;-15,814969630821;13,7805675586023;-16,2036896081677;-20,2605157445596;-18,4838669621245;-9,9308269928174;-9,19814678222565;-13,5773500020855;-15,782873100959;-13,2680032556686;-10,9142435102062;-13,9586678391966;-10,7545367640614;-11,9060158672733;-10,3964028687651;-7,3116821217809;-10,1595726261644;-11,7764783277553;-14,2543754820117;-5,32566378030469;-5,65017131737932;-8,57356886758998
;3;-13,6001601875905;1,75177812432139;6,56951201358243;2,72999577019982;-1,17745992581877;-10,3241820572866;-3,63193834165031;3,79147084657052;-9,24241073736403;-11,3236184587149;0,681405536018246;-16,4826519298049;-0,352471182780391;7,3452485322332;13,7294093690998;-5,31537593304984;-1,71661242848313;7,88564908009812;-0,825678961375161;0,87679121166002;2,36578788372617;-0,119623197909277;-4,92520334021174;-0,825918257434751;5,81869779259614;-7,35872382768594;-7,16316790331166;-14,9839323083161;8,62994095040449;7,96977006066936;1,47811836031951;2,12582819133877;-3,02034908423275;-4,65051737307294;6,7364652094393;-21,7327802613454;10,0742887911647;9,72790256157077;2,02204913858623;1,56609861348261;-3,9349228961355;0,364417694341682;-2,35124094692856;-6,49995488849345;-1,97204790943169;0,817731332747826;-16,0751675318797;-4,13764351593181;8,60840518215991;0,808397156881256;-15,0484724952794;-3,55832986787391;3,43865323227601;0,842543641882912;-1,77401449417448;-2,4875486568958;-3,1646862214393;1,73570774698965;9,20557782620745;5,94611998061737;31,1837594616345;-7,82430979549372;-12,0103410151278;-6,01929761634574;1,25791576230768;-6,245392139449;-4,87644679062259;-2,12346942047952;-11,9662664422485;2,48400970417788;0,972804722317051;-12,348985144733;-12,4231681122956;-10,5279425464119;-14,3442916240701;17,5730548774445;-11,20372681052;-15,5609932386492;-7,73067217180778;-8,59966511060657;-10,5561041625106;-10,7717734639223;-9,14024667711237;-9,47060915561588;-10,3944134383837;-7,42049815140945;-7,28673776601909;-9,89869964926402;-8,95768479124217;-11,4011032325784;-8,11084707640248;-10,6285898129045;-7,50374232114154;-11,030309239301;-12,7815945637508;-12,8961340990177
;4;4,00683772852153;-3,05360767078946;8,31459856037964;-2,40865918880991;-4,02710370692421;-6,28130480614709;-0,382061297952532;-4,11862756134542;2,289454548094;-0,868575744197187;-1,05209131974971;-6,61359813462786;1,1800474439824;8,90177202269842;2,10521145507482;0,687443338294543;2,5908970972996;0,764353709188981;5,2492781125593;-0,692498177986181;0,87392581287213;-3,25421886322147;1,6280675009275;-0,544662957592664;3,91847416898327;-9,02037371405459;4,53400079881794;-4,89945924503809;5,25774688687125;3,46895592612873;1,24434865352487;2,39617689518855;-3,82676108725491;5,03456187704433;-1,04499735871559;-5,51107850249355;2,06159685512375;-2,18912670781538;1,1880656068497;3,23644849820175;5,27886312982264;6,53640628092398;-0,524129737315889;1,32987576350206;-4,55541612840352;-0,445313324287781;-1,68434676167726;4,82437903054688;0,449729557720275;-7,24466530839072;-6,182655931093;-8,4886635373623;-2,24916244081214;3,86754568211563;-1,84412518804356;-2,16793812647802;-1,89686479083593;-7,83793673673154;0,575163399540543;2,809669290903;25,0191231625067;-14,1569244698831;-10,6715449108538;-6,77740289658732;-6,41599989728638;-0,963619227540221;-6,94117458546816;-3,18813884915653;-6,18018323949536;-1,94157551794706;-8,2213719788233;-7,8662387450936;-11,3002306250919;-7,90380106599832;-8,76842164004893;23,4307398365927;-10,278374193992;-13,1752568557627;-13,2356915211153;-8,69491513748881;-9,119532661427;-6,76835242297284;-10,9172506017135;-10,0079533765015;-6,2796362980248;-10,147324283158;-5,25634539485372;-6,41142835140136;-10,7091364154494;-5,50761928620022;-5,56162240569029;-4,36308045583564;-3,60815918540402;-7,84557152882326;-6,35448689509894;-15,4676211002657
;5;8,07791581053698;-0,0413041327019528;17,3459033777135;6,51297389399315;13,1750995796447;-1,95695050622362;2,15992599951869;4,72041399335285;-0,924053742489832;5,42005142335984;9,47941748298763;7,25588672012691;4,9417545976994;14,6166189428923;4,15446037616948;1,34562208364878;4,71147690509952;1,96000364669544;-2,08849126570158;3,74143100315268;1,40346952787968;6,87814275581786;1,47080679411556;8,4169337540161;3,97876923091371;-10,2539329278507;5,44606273036061;16,4833166060362;0,520304816092903;6,63930001292374;-1,54116626021414;-1,73202002439439;0,503685929881613;-2,88215169579962;-0,0400798856726396;12,4737484193929;-2,35310190746532;-0,18160582236942;2,05325690419068;5,5639568525321;-0,169770243031962;-1,35999119861663;-1,44685652707813;-2,17808850530082;-2,05297290899807;3,16800056090142;3,34824633631069;-1,63859839690394;-1,88288012133034;-6,92994283147254;4,67495163023614;-6,23635963706238;11,5516361125665;5,05931391644026;-0,14196036255089;-2,82635821798476;-1,12881536606301;3,01590777537876;4,23370116451679;0,299068549328695;19,6157242715726;-6,51320802390637;-9,34249112241241;-1,97066147215583;-3,31333830189033;2,51470524515935;-2,72154361867388;3,87640123196616;-5,86437099350769;7,12010619490502;-0,677776277459088;-4,50873967586585;-7,67489066355574;-7,11421797819639;-7,9855091010827;29,9750581003118;-10,5613166156863;-10,143930405844;-8,55775997735282;-8,00950226982513;-8,98627057272188;-0,732714910723189;-4,32512544685642;-6,47014550959238;-6,79074720853669;-4,97423683776287;-0,902588056486366;-6,48754459323072;-5,12196932665347;-4,80327306029039;-3,36629533882069;-9,21644935822997;-5,18382228523387;-3,24291666266163;-6,4511175122625;-4,56459817030827
;6;13,9187398764998;10,6609595086502;-2,78434666169233;2,02061303759183;5,39739843232019;12,4124736564736;6,58734948577558;4,13669642424111;6,8871007121561;6,81915550370104;6,76646429762332;5,7754624675481;5,8494732696945;9,22169021120317;6,61928708538017;-1,55019867971714;5,580387278952;-0,606943144824982;5,63322337192722;-1,03734834592478;2,18267592548273;6,44303571562523;-1,28246551173652;2,64363538823;12,2600050883502;-3,13076412307782;-8,94156726374604;11,6033605440607;4,05706275963621;6,98593892006284;0,100930535098996;5,54058607928437;4,02129244358775;4,6784124973974;-4,31846057395433;0,558923189654706;4,16191045050255;0,928864280198468;-2,67754579521807;3,07662519462701;6,85501772405041;9,36585897450277;1,41173728562762;4,1920847715428;4,82701348862793;1,13360354612541;4,82685594366467;6,46804978065757;7,85293767999246;-2,46599511399018;-0,654262655840284;-2,48592702893711;8,65710200285139;1,38297942528607;0,288160169231105;3,19486027699486;2,51608077413994;1,50897593848276;-3,6771435172941;5,51071114568913;22,7361368263964;-9,58455164470979;-4,51209185758216;-4,24045116263915;-2,88829964653178;-5,01265916832563;1,95585583893626;-0,669856431876724;-6,48725242178125;0,0795434584406394;-6,60042353981589;-5,21637772777422;-3,33147133814418;-5,67763603288176;-2,52370452390414;35,4255732648357;-3,37306154253338;-8,36247642796707;-0,962735722864636;-5,46852480057396;-4,04808151116185;-3,94063121351519;-5,78997339355055;-2,74551147730745;-5,53129180418591;-2,02143809294148;-6,77183939611905;-3,69761612638194;-4,65340147541247;-5,05764682840572;-8,18448612244902;-4,78479370156037;-1,13216047204833;-0,787519016026181;-0,222098338644628;-5,37428519094738
;7;0,835411343737178;4,05358709841948;-3,56079558519286;9,12842178073697;-3,22580120803559;5,14847022998129;1,0946214330238;0,479978309173475;2,65212539867889;3,06066310096776;-2,086467071671;4,69028970958243;6,34013944520393;8,05836068153167;4,96760809649641;-2,03854578746632;-0,844972004239935;-0,318450535437478;-2,94413226887218;1,95792903942765;3,03536798832374;-0,171593791043961;3,95827488953455;-0,0236729047837798;-2,40525124585201;-5,31300266135895;2,4851162851146;2,08710198332301;-3,10679378950681;1,08861878937478;-0,693674319551064;2,95509437863757;6,01863250580618;1,14995580859977;-0,937445419649521;12,1658070207704;8,27067987348255;2,86310985304408;0,867105608373095;3,92444645994237;-1,03273089524919;-4,94023813256263;2,4789439680012;-1,94209215221099;-1,65369476737851;2,41283224098243;5,1482903700562;-2,4526061950346;4,58239514734487;14,5024170382403;-7,55485584898906;-1,46465928315865;-3,09491573689775;-13,0589388052285;3,81318953096888;4,85953596122818;-1,93629759594342;-1,46680738822943;-5,61542910359822;-5,03436240185511;7,53719616237322;-5,54650322610451;-2,99593819609299;1,55673915729358;-7,41416078940347;-8,09937867033659;-1,18191361918389;0,526984574260041;-5,0459193655347;1,97092244482155;2,31832039285837;0,381171312193146;-3,22875245813702;-5,45130015632094;-1,34558821438668;37,8539786649667;-5,50084868608155;-7,95638434492821;-2,8398312359177;0,344257826006469;-0,673330395040466;-6,94017127380585;-6,80634107581773;2,95931513434971;-2,87492297910831;0,34835487496548;-5,42948165966072;-3,03437601126871;-1,77646851359214;-0,882702287933625;-1,61213639891639;-3,47931155191964;-4,02044067056067;-4,03150411633032;0,859795503195073;0,745525690761042
;8;3,35025186436269;7,313705622425;5,61322861001554;-1,04495622049126;-2,031311064281;9,54434138871602;2,0305276511981;2,49057222007878;1,6883098645294;4,10450470451269;-2,53971650368294;9,37765295541794;9,58998315563531;0,160994849675262;2,37659467462709;0,410651164738738;1,39836700933665;6,98318333245061;2,64972408547101;3,98339933069201;1,84473951551081;1,56062529596329;11,4996216140917;-2,50602767865439;5,083345574536;2,77904325764393;3,40504424691335;13,1092759904968;-0,613742938439827;0,620645638293354;5,07440934214992;-2,49711062556662;0,333080856030847;9,68687483703343;2,56735895110432;4,69862867280335;1,53954606103707;4,68014313184813;7,83721033613256;-0,126340141140645;-1,00163112659538;3,10590960160243;3,41972456188751;5,23053332731797;7,10026728510456;-1,9680303704281;4,56178618372724;5,08914588151765;2,65386604183368;6,60536738977316;2,37316764073512;2,77647619413619;6,07691153984979;5,34643914186745;2,3565048519481;5,70046063758537;8,62688950563688;4,57009391774045;-0,78079109250848;2,20932315001119;10,8742211726358;0,114885556457011;0,103133871747104;-0,93170155507687;-1,94747802941674;0,452223308123394;3,91274252525591;1,01412109708554;-2,2197564570256;2,05750938166057;9,66338885934147;-2,24391456536478;-2,16839889957282;0,694915963465064;1,09425578960554;42,7626634235212;-3,78368188346212;-4,85186853383311;-1,68533782542909;0,341518717324107;-2,70887741812658;-4,1778579270499;-2,04987289034898;-3,13314426635179;1,80255777091998;0,236207018138884;-1,56675379292801;-0,90129801519879;-3,49646418481643;4,74009542991871;2,50025733679149;0,128424410953812;-5,17974269120032;-0,106976223717538;0,064031776810225;-0,409836665875901
;9;-1,89584667269446;0,706937635311988;-3,30111825139466;-7,47407736388777;0,341397587404572;-1,05459966534363;1,70664879394235;3,15831418396556;5,84266868119039;-0,465338516255542;-4,86613196086546;7,12646604504152;5,52741011314265;-2,32554864975282;-8,38120092237568;0,891125870277392;3,20641777407036;-1,88722124272408;0,439773645481637;6,0306893243519;4,85488849590593;2,01184895588904;1,2650410849119;2,09033649144931;-1,08858971232348;12,8428577534623;-7,58521724879938;0,706059229327366;0,94433073926848;-7,44257900339016;4,64444738030261;5,91194785521657;4,27879728601329;0,333548424462606;3,17668461085032;0,0906072640318598;0,219679184016059;-0,909440734412783;-3,63517865438553;3,71321351698771;0,656156609491518;1,72338373125149;0,64161759323315;2,45236004554772;3,70542682976838;-3,86645579146443;5,71866564974425;1,97350912417187;-2,01171848068589;4,6389186275992;5,22771847261629;-1,2557355047029;3,44348720566177;-0,245066454183871;3,07967735845568;0,0291905898475306;-0,171028587529236;4,83613254847751;0,084540174832;-4,5736856220019;-0,843478408300143;7,5819177929634;-5,95595807651125;0,935961884356857;2,36533459635302;-7,47010622883499;-2,68515617290132;-0,226718538813202;2,43134179906747;-2,4089457191385;1,03258999384798;-3,15910936861337;-1,81529149613743;2,27713481272986;0,282713428009629;43,7636909368503;-7,06773614320582;-2,86176199489864;0,376671160145634;-0,201385598898923;-2,28321337600755;0,222289652067957;1,32204983844167;-2,8255558701926;0,738488490327654;2,32513687569508;-3,85079833802638;1,41898523447799;0,72535550855855;-1,19433672864398;0,256796137718084;0,516762826282502;0,248105272632074;-1,80993817281842;-3,12677204196007;2,57378958555546
;10;-1,9749770569706;-7,38291019343978;-8,62255580015699;-0,827674696814938;-1,4151828019676;3,80877318653438;7,41575348954893;-1,92738753199865;3,33614686805277;6,55049886501911;7,17515709673444;7,9888187466504;-4,44760242628035;-13,3185799125713;-1,9675652640808;6,9562492780733;0,426440241262753;-5,12267869522384;1,69861879568589;-3,58422629057486;-6,54846460244016;0,00161646688957262;0,157375302419496;-3,86139474969059;-8,34654758335;10,6068880568746;4,05841340680126;-3,8517137256631;-3,81450278649208;-1,01136914619747;5,77537817827124;3,10695969528342;1,6886683798225;-8,23020169290885;4,65955783352456;3,08626959839057;-1,0401768306765;1,42931833118746;3,1590644119924;5,81956635727238;-1,36544989475715;2,81856661892562;0,279794499098898;2,02748181940069;0,7769910138868;-0,149340264381863;6,17463390476587;3,04352176881821;-1,10544107020633;3,66059248586225;3,32605793766288;6,56859671591064;-2,10925895249693;0,360097746802239;0,611538648031456;-2,32935985649874;1,35600274359149;4,51609296867082;-1,33419910622706;-5,65806440293545;-4,26787354177122;15,2237099440135;0,384600258876617;1,58397870341514;8,02937132583611;3,82299510654593;-1,02006248611178;-0,281825170800403;3,94488399941065;4,35748350938047;2,34264536736646;-2,27256459198543;-2,39070449860355;3,20194305336781;-4,20862281640484;46,6704735169837;1,81875552257861;-3,17581906416854;-1,42918860223926;0,546220659385199;-1,52450240059579;0,744552261589888;0,408905126487753;-0,967322894386598;0,5807268671565;-0,579317495826672;1,08639862434302;-0,199671152975952;4,38284085199712;-1,54329147040835;0,783548404087924;0,0916288523867479;1,80807415859772;3,22007888820872;-1,46241586874021;-2,15524592057091
;11;15,1314177750164;3,9139809128792;-1,69720651820353;-0,514019871686287;-1,59600664493155;10,8326185466485;3,78790206419171;-0,0295379129311186;4,45765012549373;9,53389039013109;6,69132649117819;14,241509171422;0,263762190078523;-2,48613741123609;-5,91131932426924;10,6675967856627;-1,57011550887091;-2,66570452665383;6,91962906491653;6,78945862306728;3,7355848136408;0,244646615507008;4,39667657890186;-1,57963995048976;-8,49435809589886;15,4796679902138;3,3447255661531;-7,15758521111275;1,16201296844429;-0,613301382066311;-1,51221396254459;-2,49090879972982;1,94521457741848;0,830162528351138;2,03780200527399;1,59384176088042;-1,38121716479418;1,86287104530129;5,91135824339199;-5,08804070289352;-0,74927097698037;4,70793817211961;0,98281970289554;5,77286852863654;1,88377218710775;0,985290501000236;3,40186685430126;-0,697983560489774;0,24089400246703;-0,265411090850648;6,34704063947993;-1,79972426744371;-9,07781728143618;5,75058240726685;6,47163111769942;1,46129761985048;3,55269225658412;4,70730072709375;4,42931526156008;-3,00856763816773;-3,40910718371197;9,57857820877689;-3,57076568979346;1,87862828125117;4,85911895210393;11,4379970538312;0,792452938029328;-0,794757566590306;2,65595428477764;1,0384492521589;7,22876569766413;-1,15511119529992;0,80646208452481;5,52324252436074;4,58800270191796;53,5699388931862;4,00595113920917;-4,58355143637982;-0,639035561612673;2,71132360604815;3,91321400216202;3,2785753534813;-0,429400039896791;4,18524726015221;-1,11891845819264;1,32126550824023;3,82539915107009;3,3188927574929;3,18489557539851;0,870831027634267;-1,5442069482815;-0,426727971642322;2,92164366177076;-0,431074905162404;2,22370867436166;2,63094194444511
;12;-4,30896459365522;-3,2352612183131;-10,6240404892087;-1,74510900607493;10,1763362932679;-8,55231501622711;2,33761114672416;-0,446186139782185;3,89091212469884;-6,0846301113188;-11,4359717985008;9,64441122404969;-5,91626500591428;-11,3094072071981;-8,62564222512174;0,685495674855702;-1,19117750427904;0,529775469251945;-0,876809107119698;-1,61599557086038;1,2212780372156;1,82169928516669;-5,32758845809622;3,05763113666308;-0,285909758919843;14,6826752567904;12,5197349129048;-0,834125204686643;-5,28484355517321;2,65021191874348;0,620099455452873;-2,47067537205521;4,67046298251034;7,36925890088787;3,37578455665425;11,1782029430351;-5,475108040343;-2,55069429738614;-7,69952195193582;0,0746448900590622;-1,07211452140109;-10,5259541022588;5,44615851362596;-0,319744918905144;-0,210356479562506;2,99328765932933;1,59819894514749;-0,0737947846764655;0,357034938918332;-6,18125689483804;8,81390715202633;10,3105260427201;-2,81235947092046;-2,05265794182105;0,658878376344546;4,14699135181218;6,3111927197956;0,543868646893316;2,40595512044729;-3,26869025425094;-2,90318328320427;6,25858460197833;2,44719372425971;3,5586607160426;3,62616536292717;5,82851052839487;3,43790815841476;2,55960603381436;1,93903528812643;-0,916757189193959;-2,74799990216798;2,30616819971465;2,08645496165218;0,435815505103164;3,97400334821896;60,646204850229;3,65972083122551;2,50235415825546;2,94412619781406;0,864288306728668;4,67149421270278;1,01909509746611;3,70233072569818;5,06555016580114;1,2140307462073;1,27267817456459;0,769458753180061;3,65969213831568;1,68453657289865;2,79348803081166;2,25559583967379;2,32715091312002;-1,21846587112486;-0,424806344552962;3,61748705941091;2,11240500563963
;13;-0,199035160135281;-2,76879693674164;-15,5291325086646;-2,51708718729515;-4,06441760190773;-1,62392577445007;-2,33263127602731;2,76339822838781;4,75138430600464;-2,4868158428435;-4,89520450555665;-3,61298743507177;-7,46977550877818;-11,5678375314865;-6,40178921885308;-0,0229038949164533;-3,01210070451452;-3,25757827701727;0,465531677875788;0,586028002963758;-0,230004708977503;-5,23227654094899;-5,90318335122356;2,36864705339485;0,377410140067695;10,5192190011758;14,0543485248363;-4,22522794537417;-11,2008205090178;-4,14330083363438;-0,415526032467369;-5,4322584714223;5,12418628914475;0,0879226794204442;-0,863125035674784;4,20207763671351;3,60393522638424;-1,81603894017917;-0,529469184279151;-11,0114997331648;-1,47762826789585;-6,33498090388184;1,36407848092858;1,29876098790237;2,63532647551756;-2,15835548049654;-1,1239601539346;-1,08766092917904;-7,06168690055256;-3,17809804467652;4,8611551038166;-0,664227185729033;4,04699893010002;-3,25972217148046;2,4121447812804;-0,597222011359918;1,28463115049135;-2,7662313492101;-3,11812064083551;0,0777596423786235;-4,92200285253421;1,27995720492254;4,20289906699099;4,08188572699828;-6,47672523113943;-3,26170653112968;4,04095064830472;1,03528252642764;1,74405436182951;0,555805606963986;0,397440286135861;6,38244595050992;3,89742456011027;4,38231293240733;4,86042188279998;58,6760164705347;4,01153626089399;1,31316597917294;5,00531399497504;5,91713499241905;5,53452833567053;2,67716449087129;3,53980802722026;5,68446961278732;2,27512168625026;1,40090115736439;3,02771052826756;5,65698919963279;-0,056196182509666;2,56986119681096;2,76258958610651;4,63255167983834;2,96896768933766;4,91666024848882;4,1355876018788;5,72049887889307
;14;-2,22501051840845;1,12868166071075;-3,29957694166387;-1,21420581278289;-10,7990494878595;3,62761665831931;-1,03120450270217;1,23266387602553;1,78701726813961;-2,84774280048987;-6,25444045626045;-4,15591574721748;-11,1788033929379;-6,71716101827587;-4,9876009146974;-4,01286752445321;-4,42391394223796;-4,30222088128539;-1,11860198378736;1,07013713372226;0,393579129878617;1,98272316241673;4,0887741447068;1,59821232417926;-2,41859514432326;7,04390604396121;-7,90938556503534;0,00363024735906947;3,4666933572471;-6,32943437835911;-0,0335606614025892;-0,660348203816284;-1,8105757337139;5,3442854042778;-5,84925418895091;1,47910158945342;2,88723373613175;-0,674151420591443;-5,2396062147418;6,63607080662496;2,97332965795522;-0,287439961395648;3,23365871729175;4,60595757590772;0,719716694495673;6,21838938792098;5,85777741852598;-2,00559681817685;-5,3401793178673;-1,05931831820089;6,33796829582752;15,8642029599969;4,28977954035599;2,8503328964016;1,29000972786253;2,06791661257785;-0,104318893887466;0,593919928233845;-2,97243483137026;-0,693267586118054;-6,13548298381374;9,39264241744422;6,00019112445125;1,82335490011792;-4,78047360263463;7,64680825599589;7,28112855302243;2,25313063366912;1,86080380000567;-2,47110154055463;6,40908051986753;5,54001177510736;3,14574767665863;4,29747300410418;-1,04773954628945;62,8132212311234;6,36482534806146;1,24003571583899;2,39790358917344;4,95579560946453;3,46878126041884;3,8255390353238;5,81695655212752;2,14601611299713;3,94202248615875;4,69812639328848;3,13048499491561;6,97654109534687;5,46698041571426;1,55539976945147;5,71925818094951;5,82299322621793;5,87438133868136;3,01631609436254;6,06089075459113;3,82660169998462
;15;-15,4760111138767;-11,4918371760759;-15,4036594567033;3,09925778572961;-7,60390979937529;3,91729642738937;3,4592363670381;0,533902944041984;-3,05269013835414;-1,95863987020584;-4,43405008556238;7,74483960017005;-6,84420917721582;-13,695828953495;-10,0472451962241;2,22003919409599;-3,75284884211487;-7,64051998692503;-0,192994625464053;-3,6255960510739;1,2358029109655;-3,57975176187483;-0,998583884299478;2,08757175890332;-2,10881404419797;-10,4057966552655;9,75001073017665;-1,76991076364538;-10,8583131155774;-3,29600780329383;-1,06872565046524;4,0490624646618;-2,53394142711659;1,15919092700187;1,41822449211668;-5,02844133187227;-3,06151764398328;-1,8362151782394;4,02628931519484;-3,38696749953851;7,05974893002531;-0,274544980568862;0,475645036911828;4,04690545717085;6,96342292167219;1,42246315736611;1,20758010191639;-3,46537825897667;-4,0677426705106;6,38354416273796;9,4100947939296;5,02537853128615;0,415789198968923;-0,512868704726316;0,594610480208303;7,70297044364906;1,51767038579146;0,472393514290161;1,77002488220205;1,64204668501498;-13,300582128657;2,68485381481514;5,50513297802854;-0,11327311954301;3,42892168697654;-1,74518679903031;-0,796385809283038;2,21994349166835;6,47031922830547;4,72391380134923;-0,690868247889739;0,642450481781452;5,37319958686658;5,35790467590914;6,58205842548068;67,2212627804915;3,64249772793391;5,49162457423699;2,69854357866825;3,68202309711069;5,23851490122115;3,39991348938065;2,66431744312695;-0,174133600702135;6,40002944382923;-0,186678742653385;5,36800480968714;-0,821427876825965;3,51841637951929;-1,81540344003315;1,45234737609462;2,85523564542063;5,02778497981444;1,37680508165522;2,11919733798868;5,20395984103698
;16;-2,46488352249344;-13,2435671358317;-6,45700484697045;-4,72716231314371;-3,32526192044406;1,20705563850879;-1,5857321966887;-3,10224966925762;-9,02890872838043;-2,18528658238301;-0,76075323769237;-2,26198318985826;0,181080761221892;-8,10668119185448;-11,0942942224156;-4,08458235959461;1,58589919746828;-2,04647136383574;-0,673065724314256;-1,83933186028707;-0,381116784372807;-1,64853162689815;-1,98004184986712;-1,65402662308315;-6,94740662266668;5,61796693307224;-5,73236311189794;-7,35917876995245;-2,35979110964763;-4,2209522233552;-1,52159047586156;-0,527797807485058;-0,506036548563316;-3,23547298837275;-2,30863196396695;0,595594827759669;-5,07974291934806;-8,72944128499694;3,18204710415284;-7,71792400448885;0,85870247503135;-3,72125550233341;0,583945291358759;-3,06815282472917;-0,393145772766729;0,846747592849169;-3,87885383059347;-0,653655814623562;-0,857399354307745;-5,26444100405661;8,3865798724155;4,43151973380009;-9,20108765589612;-0,458476392253942;-2,65396981224831;0,656142228687258;5,45371660782757;1,33081183886679;-2,19075342090946;2,98813458750283;-7,07473153656065;0,219258686415742;5,93750508388848;1,87989220527425;-1,75360977405035;2,95184416969641;0,619497672889793;-4,17018327264486;2,39784668783977;-8,90367528316983;-3,68393993851078;6,23068869609597;5,45464091067515;2,86469327674558;5,72795795563889;70,222648858989;3,56738872098595;3,31226502274285;4,85404407272881;3,42971840541668;4,94430710620827;4,69407630433398;1,72070630401004;7,82346983728166;7,1182192598053;5,8515292586444;3,5426131637073;4,34362088846956;3,6858197585284;3,01557908696168;4,51279504852164;7,97519745192858;1,87910009638381;1,64320353920402;5,6279661245444;8,76030278077678
;17;-7,04428459789597;-9,30407751005714;-1,07484863242735;1,275644288894;-6,58074822211893;-4,56748972265723;-5,60976201421863;-5,66544318444994;0,14929522924831;1,19574982272115;3,10166173094422;-3,19962327338726;-3,16400860563499;-8,42587216808261;-3,13753375504075;0,0654437118600981;-2,26551698041385;1,64007546502762;5,93359664823583;-0,197705052827132;2,93072172097709;-1,28093152747169;-1,34640928742556;5,44294244964931;-9,03410130545763;6,96812499911448;-0,997244981181211;-3,23437240368548;2,26206946000184;-4,60400677173675;1,24746464579994;-0,93528016692926;-0,177434216747315;-7,79565584892043;-1,85572546990988;1,60334575112392;-2,41988574004881;-5,14843922432101;-11,3656419370627;4,69725159397512;-2,04774106179229;0,240850526376562;2,45352631947662;4,7831356004699;6,19517294433035;-0,781127335976635;0,267590984106391;-2,05130519855993;0,823562856256103;8,2658603473119;8,25864897134215;5,1406336980499;-21,3815275043389;0,962402121993364;1,11116256428068;0,862138445188975;7,51533628332618;-0,538990488690615;1,86249968607717;-1,69045879693658;-8,37125880517215;3,1513290765979;6,39116048915821;5,06088568384985;2,61037924868288;-6,99302129418629;2,181899379485;0,226135267374048;8,04913639956931;-0,280670693625325;1,17140504451709;4,86701873027778;4,8690576659792;3,33113443162574;7,10514486786542;70,8172032837738;3,13838810050993;4,23959825973316;6,68569682463249;2,07317769413385;-0,236891869423744;7,24910800764019;11,8034636154021;0,939477852823984;4,99137745091184;6,34545969644842;6,218599013127;4,88278416411322;4,9780402673191;3,38676862051625;4,48810768093063;4,8506591841292;5,15968840153391;0,212070838809268;-0,564492641502056;7,8148431311588
;18;-1,2348394187984;2,57488433183426;-11,7208742839302;-2,44593908091065;5,6194197684481;-3,30871125543581;2,01668913845378;1,44193726768071;2,16630686444341;-3,18912722523874;0,992437040273217;-3,03529802647518;0,40935935374182;-12,6749154300132;-9,1450210879957;0,637909018540995;-5,95058257765868;-6,6488694954769;-0,581696930159524;-6,61367574926089;-4,29422494818573;-6,19769078494483;-5,11048914942785;-1,19654456121316;-8,70491874825711;-2,76089015555863;7,78094927249094;6,03759925567465;-7,1555261257563;-4,64440106523671;5,97450916437492;1,53362188099345;0,661476465523265;0,899624877298265;-3,58322174675595;-1,28641993270503;-13,2152544376331;-2,07041635929545;1,07686634011588;-6,08650920514083;-7,11214481027218;-5,8536887982973;-0,659112663702672;-0,653619785729461;1,51638363296252;-2,35836632817882;7,57154545585126;3,28346343232261;-6,08515852947949;4,99512410050374;8,4748134651154;13,2156924416213;-3,6631475742015;-1,98521269680168;-2,46102910402624;2,95311184023058;-5,23378739785767;-3,35032570958538;2,82042028571595;2,040934369561;-16,8408103387155;3,48814439212674;3,65479966934618;-0,210558089665938;3,11639039472993;3,63338646034026;4,14958517747164;-1,4232466149042;3,05994732894487;5,91331038641329;5,56595678478061;7,25452728790697;4,40895761457386;4,9025104560742;3,33340489351258;76,1843864406915;6,48157416907134;4,75920556329311;7,22616137830437;6,8859225514002;7,70143066959781;5,74971169640139;3,51316186371287;5,0810195171357;5,29112888892587;7,43213136320082;4,96521774906341;2,97129260469774;3,42538092138875;5,4872118347339;4,89104813332096;1,14327222294423;4,28179305168942;3,48055799379244;8,00932944993792;5,37815177591528
;19;-5,3154745802467;-2,99001443844554;-5,17118736214525;-6,08332721707939;5,39609692673821;0,5579154872039;-3,75717137043648;5,4137459194867;3,02670558625641;1,62811964910816;1,92674202159196;-0,722900864890107;-0,944575584187078;-1,47853355707412;-5,80416230280116;-6,48826915894006;-7,83233963616931;-0,221310877791439;-2,23983802714884;-3,47233285843913;1,87391357744582;0,673401481454675;-8,7385910022158;-4,04215608415325;-11,7187998230975;0,663467713770842;-8,18001420518704;-5,01159425687547;6,74063752983238;-9,36393126514849;-3,72117656968703;-1,1559198478185;-0,613688763051869;-3,42118887049946;-2,4107444284291;-2,32209332515777;-7,07332091176704;-2,57381960730709;4,01625882309691;-7,08231334405809;-0,0339964658505778;2,28905916061831;1,16845699975011;-0,451860294630478;1,34059219135952;5,7052470485105;2,83840203592626;3,25070299962954;-7,03187559806247;-0,702693415089016;9,42062105913465;2,41949306594506;4,59456515082638;2,44633384714052;2,21150530961313;1,92953692654191;0,296474819146169;-0,250059047883042;1,61147785923094;0,0520600991740139;-11,2899376815349;10,0693618243322;5,96331614594237;0,00104617370698179;4,20836100521592;4,37167887096984;4,05423953283162;0,62799523585818;3,30273355729378;-1,73047444702388;1,86412760695566;9,23639758658283;6,7727353062046;4,01432283030181;6,85660298485755;80,0504722774394;10,9928447951147;7,15621257800467;8,73564473379702;5,36231346611021;9,26333766867901;6,1797390931747;9,87520714919992;5,59644192259566;5,98859019564679;3,32994539112224;6,08848518435389;4,61497043555846;8,67841597858524;6,70180943555852;4,11601479518276;6,64869674750662;7,68743999210392;7,6870400285984;4,29702111315601;1,68142150356016
;20;-8,20829082555338;8,63883104438264;6,21298100398053;4,39989214570323;9,43526805269448;6,53762320280566;10,7894669603834;6,69543614895156;13,9958486003225;-2,08945737753311;-1,40228433418815;-6,90379225654397;-8,47985387813242;-2,0066210567893;-4,0482983273132;-1,2041546363389;-1,41019803888412;2,05614743869228;4,67905133708473;3,27378066563551;2,0273738754031;-4,65077297789412;-1,3417542246043;-6,11654588998408;-0,978070406070401;-1,8742378446359;-14,8669693123065;-9,82913698404627;5,12986933025968;-0,534994857901438;-3,52723124980821;-3,47218701087104;0,548368775706422;-1,64658542688903;-1,13538934234475;0,019561001537113;-3,89348521028478;2,77624815767831;-3,62228579059047;-1,80689877891746;-1,24261605781885;-3,62864100373554;-2,48642480982608;-0,490126305602644;4,33233749647979;-4,26063248368609;-2,26913775204321;0,945712207541874;-9,25044178938242;-2,80589749873343;-1,93154557310208;-3,18852498393608;-11,6719909141875;0,156248925642103;0,900122771528004;-0,0433787608876628;0,699421363669899;-0,329664281215628;1,63244208216383;2,31353575285721;-10,5574851332294;6,84154178266454;5,13384124332333;7,6525629113612;10,1758782594461;-2,29212637786804;4,25108736435686;1,16761210467166;8,35919923146503;0,57548049176512;-0,681537760522588;4,15146002178471;3,63341860581158;4,88737760368304;6,56547371487204;82,7704357750504;4,69559097225783;4,88253679725312;5,61645936001469;6,20422943535459;7,95837618127098;1,32381173905196;3,73091559658724;5,28792929609926;10,6563248516586;3,94838296714215;7,50332772345746;9,20648147594511;8,56343126938464;4,74837757275918;3,80964275416409;6,55699242409219;9,02956313424511;7,17179593924948;6,06472037654657;5,24750235609281
;21;1,60458242730056;18,5174721388048;6,75927184323155;12,2359786302904;21,2496225798832;15,2384138930283;23,3246386147416;27,2464788825914;29,9887600106504;7,1365034329001;11,1711187903975;4,0580529276167;6,40306872186557;10,4914790662087;1,03297106360878;-4,39210249523512;-0,551057802006653;4,30490116179135;2,04100123404078;3,42427967350477;6,44424652195266;1,0727258236484;3,13731736475074;2,88651090412259;-2,22222959170358;1,89337741632153;0,509145972016086;7,36311189941171;-4,52745420310475;1,11253778736227;0,303864734591116;4,73884074918715;2,38819851750532;-3,72670389305767;5,50680057236787;-5,19539279809214;-0,494658040261129;2,15691550895099;1,65153177165757;-1,07350478325225;-1,31583260254683;-6,05486071853647;0,258102653705464;-2,18568960787206;-1,65861030237966;-3,42993683075565;-5,79283827551899;-3,22479373677015;3,11989344705307;8,8478940181185;-4,57104115016045;-4,24060320551598;2,89954884500821;7,7873824616654;4,80108446342092;1,79890789676938;-4,63981195082215;0,216598167031407;-2,94385485032672;2,18970654756595;-18,399654770391;-3,97214688340318;5,22206027426455;3,48590112732245;6,30694171460982;-5,96272922075877;0,789718468971842;-3,13854444302842;6,55877204436683;-1,29570277160929;1,4429882959821;2,92356217599627;9,54054835395573;6,42703449407645;1,39736926403884;86,7512780852185;4,21428852060444;8,35275895113364;11,8678455271152;2,80447511739794;2,76591021420518;6,99499591848098;11,2702258853847;3,8331694648964;7,04854226884981;0,971441328852052;7,97001021164215;4,74306025309215;6,32274013765937;6,46390767208186;6,50493155717777;6,56961512729731;8,07891481660181;5,16712605712837;0,445250188037335;8,46066923461149
;22;26,9760291717394;46,1661597876637;29,734028198468;24,3558712271069;35,0440072606552;29,3905561373913;50,3779569123139;56,5420006722798;55,6215920699856;24,2528902282475;23,8398495629026;3,09794449258425;-5,0189924365186;11,673472206593;3,36213295382277;3,5291970468752;11,4070750543297;11,7529520504977;7,80328117160434;9,86915228357748;7,97425835702143;5,97513649335178;2,5726434975295;5,36757968196525;-8,61266978645017;-7,03074105093856;1,90043594663803;-8,55258715528544;-1,1976945010756;-5,41935209865733;4,33351327651371;-1,02511821808775;-0,17955507353463;-5,88929427099356;5,04180422667378;-6,62577979625803;-2,96070314536883;2,23630171899822;-10,6661231308626;-7,40624610859868;0,343309570185738;-4,45761665965529;-0,883716240376089;0,778332603207218;-3,64725051662344;0,72562149049736;-1,35426539111268;-4,83005830819184;-1,11887067991302;-6,33281875050125;-12,4510888049599;-4,99163668684378;-6,8725503606629;-8,35356090848563;0,625539061480595;-0,110085180671831;-1,08849041471194;-1,98783082177306;-3,50650289185796;0,752845407035238;-18,5198593019886;3,7331242372793;6,82224284039512;0,393978227760272;-6,48249908014532;8,0302203990932;-0,347123634190666;4,71738108959698;9,88599220625656;-4,27180450862033;3,31697679835361;8,63616013433466;9,41318660202978;3,75701905860615;4,41032260605698;85,1048089603114;5,45207501900313;6,93501684854891;9,36449040218167;6,54330708707494;7,55831372882994;4,97491798882038;6,57614045226546;5,00490169180785;5,56799672811576;2,2257337546589;2,54826341563421;4,71897661515595;4,3224259112958;9,304257286341;4,76143435144286;5,63407763551413;4,88752159473142;5,73691953679736;3,81922305586659;6,93095690412156
;23;78,441933330867;86,818782998158;80,6155818886682;55,3598871555796;74,7770212469377;61,5391908799002;107,704816842621;115,173624698182;114,84272576177;57,313104075658;56,8611762007513;41,3341088362849;7,18447161198947;11,7698490308667;9,44386497669166;4,83306985085983;9,91991679637886;13,8243780579978;23,0174716133806;23,1297113072078;25,0639779069579;9,91705139856367;10,679367949163;3,57512360868986;7,89160368080684;-12,5901874633737;5,70773265009757;3,58654828908402;7,20654666309383;7,34855198922651;3,0482328647895;2,74587142096243;2,42063610956984;2,83733688943539;2,08678840625271;2,43734574372047;-4,17826580555629;-4,43905100869597;2,9020538119803;-1,82784049786915;-1,55350316958447;2,39144398149438;1,90282331282015;3,24069582426591;-0,989184021828805;-4,38343810944934;2,91616157206408;0,640119134241104;0,0802900510525433;0,839900366466281;-11,7452892470774;2,98047314574615;5,06300784211908;2,45726500715136;-1,27842612513086;-1,38422786520096;2,5974409584519;-1,85875306884736;3,28768649074937;11,2169149301462;-2,8404225180775;12,9609186412081;4,00311334942762;3,68877054326549;4,54997867785278;8,46600633205162;5,93502174707874;5,49755813533011;9,35714860140297;7,66563682140441;4,42980541204543;8,37672739474147;6,25411769773882;8,77826514540084;7,04782544666432;88,5863976655573;2,37557988277649;4,06832813257688;6,80980789052774;8,98023317145089;7,55623333517133;4,97746899932963;4,43397782002012;9,76101878642703;3,98312115466115;1,70793584307603;-1,03892827703567;5,18483410234012;7,92842970685115;6,15254935010262;8,38415411281039;8,21087337920198;2,8433507624386;9,39086945109693;6,70368072034262;6,48545201078969
;24;169,823248113952;180,204749488281;173,975741928437;122,962840336338;134,956491702712;123,639649431129;204,499126565862;213,292483046632;218,447886982414;113,706850195563;111,444220570064;93,4917429319275;18,6698305115269;17,5680784393471;23,6748691731136;16,9539510314762;18,6674666854196;30,3702636328389;46,0892956069856;38,3601744214666;41,2663246656671;23,5612019253422;21,109431236513;13,2977522779529;0,917258325062903;-5,95699005733877;1,71064305427171;2,35329574167372;3,51096032056648;-4,21753833490311;2,47128746395356;6,68393042120124;7,17880654136525;5,91536271820132;3,64362235174394;-1,75614057181701;-3,69680145341772;-2,47467063116073;0,99579755486775;-0,605450950654813;0,458716336944235;3,52985891416665;-2,54395886242173;-3,32112899340245;-7,501369130076;-0,72721832982279;-2,21228429890107;-2,51868937666768;-0,168483681619364;-1,82493255055761;-10,2578786426948;-6,48173992071406;-3,66869554522691;2,05197240553571;1,81894237203778;-1,16866874579409;1,03094609914706;1,32349283446274;5,56953760054148;1,47389636675416;-10,9859559521483;2,522402101431;10,8964781250097;5,75496799505618;-0,861662968665769;7,6917606636498;6,39245505777217;6,31876976100421;3,19069107022824;0,665619508583404;6,20993445668501;7,42996544113385;1,9895576695576;3,37672792714056;6,16270500208429;89,9720474989281;6,20925915795078;2,79539319110472;1,1386955844132;0,505136286353718;8,15843598183665;9,30403887113835;6,30367813737939;4,47147990592657;2,38725417586511;5,43208763291113;5,31646104865786;3,82587404940205;6,83426432497981;4,40749704411019;5,59790754634287;4,18061324545852;2,39293370464566;11,8982936615648;6,36667960598561;3,86193908570067
;25;312,226514967692;323,769503572949;334,918704757891;223,16423527909;231,976575980571;221,578802552362;368,134366150281;364,560650379841;373,952991060736;216,673293434737;216,321402330997;177,038799573796;63,3666786181702;59,1844513406249;62,1346923031324;36,6299629618916;38,8161588820985;51,8235661437539;88,8789917019853;84,3744166608708;89,1605763226016;41,1860989401275;41,8244264226296;31,8256474180243;10,3541617537458;8,82531436058434;2,33907599098711;6,87307194315508;4,05743859161885;14,250614168579;13,6380717705288;14,3002268728728;14,9689229371761;9,40999706516959;-0,729628687299737;7,33814316776716;-8,46839225143049;0,302919653002391;1,39074811543469;2,5972280341166;9,56784941026308;2,43762904369487;1,96093297130255;1,12167763638445;4,52555441712684;0,801468519569426;3,31008435545118;2,76283130739012;-5,1383210977765;-12,0466323793198;4,07906583302702;3,96990501616528;9,61110882198955;-10,7116996900613;-0,512443524077753;2,75713489830468;0,339391765641267;2,67179224736265;-0,600346592008464;2,78815656066854;-16,2855854013469;-6,57336159771785;6,13818479459678;2,0472337326969;-2,30332921291028;1,6332142432675;0,336413891493976;3,52286024087834;6,5803698144814;-1,80016146383696;-0,942840067341422;8,76498354672958;4,33177530668672;7,59532034261292;7,18419216101529;92,2328134346358;5,47756291554606;5,57702954606248;3,85618930465398;7,22476572065261;7,9579870742582;7,11633405438033;7,40272077423788;2,82934214785655;5,45927997660374;4,73692850982343;8,57517122757736;6,39643084451836;5,04247856705479;4,92419877834618;2,62330945166423;5,66263251663986;3,91213969031242;6,49578082535754;5,87430018046916;3,91540958517089
;26;521,178946334149;534,70004493586;558,565822982586;330,078303806103;369,181249575189;343,330825185618;588,356614952128;580,876106762214;602,939957058835;352,655545828868;349,994187731175;302,575041055279;112,263844587258;118,277311707639;132,48487324385;86,4660139829321;91,2923982746161;96,4454039242837;165,036852043046;156,140996703873;168,414255657853;86,6681931447838;91,9803538872666;71,0926805036443;18,0526089406667;13,0526145661834;13,368945842305;4,53628253558327;21,7775043807178;13,4394918442667;30,3193404103431;30,4209132738793;32,0347783931093;10,517874293706;14,9064608190829;12,7433282591755;-2,82731864581183;-0,431700612021814;2,079440395657;-8,67638780475318;-0,821654765601124;2,66839807904762;2,4234006910674;1,57310193421199;3,10971750989575;0,714259803766254;0,171327228761584;-0,220114487698993;-5,29330146236134;4,02619209099703;-9,33640231980826;-11,8717180502226;-0,475223114490291;2,2231527024469;-2,08324704462666;-0,132744287527657;1,6912367579821;-4,27564036365857;1,35860109759415;0,475328166290637;-11,560427848498;-4,36003812913714;7,24787164619829;-1,13997181967079;2,07031030059989;-5,54975284187549;-0,988958807889958;4,51114091953741;7,55221899383423;-5,15200898566218;-8,52103703999001;3,89941945199462;2,73543985858805;4,77896166302571;9,6766078582873;97,6523084142659;7,37138076233896;6,9412986751372;6,89710846200796;5,46077658561398;1,19179629406108;5,68023209187231;10,0137297197866;6,01173357806874;5,15600197191907;6,54417869441158;3,20615090102774;2,82844267535802;6,03228322587347;7,3370724042079;6,95534045129307;7,16593386869499;3,13857510532762;5,8257116539221;5,1831313352086;8,01399512698299
;27;741,396528787807;754,463786355327;798,108305441609;471,910511371058;505,041762268073;482,144107040939;817,294105115847;807,894218103521;840,704689349065;529,354837196273;530,403067354547;469,1401522014;244,690470089514;265,838457127796;260,894750507982;164,972175100134;161,371139294604;177,688783879686;301,036313779228;282,319418381147;309,748856939147;177,577628219958;173,391545575795;150,139887544448;44,7809848882689;40,0493881276207;43,408237050764;37,5186588796696;46,0759375522448;36,2761503796582;63,8833881597197;70,0851692511646;64,7741100889234;38,3056444708218;37,9318092745589;28,1117194030867;2,15685491905424;3,13806753851713;0,672587538891094;-5,78514234156683;9,16262255270794;10,0505421012986;11,7234180414339;10,4668666336916;12,7404599825513;7,55953810576193;4,17268826770305;8,64869834933961;-3,83167960378705;3,30968025192851;-1,23054981109362;-5,89991970924893;7,13570720634925;-3,82865782619137;-2,28918502176475;-0,0198062901986305;-1,79169495336373;2,47230835667142;-3,98750538775494;-3,16030222463996;-14,7538291435194;-0,73966153836318;2,48012423204773;3,06249044305787;1,6400943970566;4,09841720097938;-0,332979705322487;1,56007431492981;3,1668938417597;7,53635196753839;4,30576420337184;10,2583136950411;2,29592297777663;4,57908278478044;8,60369194496661;100,320822008018;5,71281167317784;0,68831655852;5,27013575491856;9,57576066136335;4,53553393664242;6,58851016597418;2,45235438540385;9,73664894793137;5,59235895027814;8,8409470296192;8,21622579617997;1,36668450338902;6,76223555285742;6,4466964345097;4,12735944766064;5,8552246403242;3,12565298399386;9,82311540232422;9,42249623922498;7,26662816307407
;28;976,673472141426;988,59923466012;1056,42672823126;602,171518493427;646,374329013979;615,812502031013;1057,18186653754;1044,18815699798;1088,22774039687;707,843590096952;713,816653370201;639,96461133137;412,412187250985;448,498248991883;458,997998506366;267,300454511825;274,769763092793;285,806453962191;502,50335376639;481,119611095365;524,957091049981;312,13089071257;295,121313441242;268,568784760665;108,378974574106;88,3577367698863;104,928881814131;72,9788645560757;73,1227930983532;74,4300011678188;133,484142187589;128,734313963107;132,18551691998;75,9717214347565;64,7071084648378;68,1146910367161;4,18953324147697;13,1991381653652;7,17470044202128;8,61888059739249;9,32854444104487;6,82048239005144;20,0215899560935;24,5486770717162;26,6017478561262;12,5692364368706;7,2651196990646;6,23907171793053;2,99432443922342;-11,4870412377404;-1,84939562300042;8,55393440897114;-6,36846655432964;-11,0176214543071;-1,82775521360054;1,09125400614084;4,68536743949608;-2,18274497086622;1,6072434381831;-4,81819203850137;-10,4988899777927;-5,07263629697536;3,58925033050946;1,16733612997632;1,31210193421703;9,07560596024541;-0,897927763161078;2,06820854587068;8,79731553698275;0,983635882196722;0,186061694202181;3,78744352692092;3,26320230862939;5,20076063592751;9,03160604729965;105,166475234167;4,04241366373572;4,75126887993338;9,41500890095858;4,34158829777562;9,05597891005391;5,03680482319032;7,09474201961075;11,4187611303314;6,77919935267209;8,52068099533926;3,11776956725271;4,81236724254768;5,04222595002284;6,54593383049041;4,73812336228957;5,00287947819379;2,56060594511746;5,8689905768897;4,67787375660373;5,31987043972413
;29;1207,6847153124;1218,90261353551;1310,24316866414;718,523389808651;776,093734276711;741,688676756909;1288,90178316256;1268,96944654819;1324,45731532989;887,8849470602;899,800890164121;813,967428630005;639,910818446111;684,044967016951;676,333075669902;395,02131207792;410,065874239646;422,6457364254;725,181866965298;695,055712430385;753,293153808294;481,754000081867;465,06711760848;422,011252151975;205,683081840595;197,571871709041;207,763690174132;125,950098944279;140,315206708848;134,324946380503;248,357724339267;257,887173141752;249,006410710809;148,792115628761;136,381507548368;141,709805785198;31,8000239607791;36,6752317487553;29,0404673297171;25,0067153817399;35,6554481111707;29,0010896160666;49,9158129061743;48,3347889115498;55,12645087994;28,9600282712454;26,2837754819802;34,6580257037904;6,81019586418188;1,02243541637654;-16,8263185602254;-2,58604604857919;11,7269216293198;5,12845251728868;3,13615359867708;2,61130279105555;5,88255356657828;3,80371353074497;4,31767121003577;-0,512091528398742;-9,20130979655187;-6,09829579659799;5,89805049105598;-0,767777189562821;2,64502877205996;1,6955272889727;-1,73217028847557;0,816385593389896;6,55926027460009;-5,79442819953874;-6,16145345747373;3,13336935223151;4,70984607929449;3,46945084555091;5,35376364340482;103,541303773043;5,6356260199891;2,89561885209423;5,99549719372044;1,4216222056998;1,99822059831467;7,13390082288379;5,10922372072264;2,80525223955738;6,35142457928305;2,84505210261386;5,43987006810676;5,02768755074885;3,88657557509987;4,08308874328895;3,50515102703366;5,63035511398311;4,5698962613551;2,15608034037223;4,49848394517539;5,22909267257864
;30;1432,26638179221;1443,21770113836;1548,16376413383;826,993632055467;898,914239848028;855,292369853526;1510,16656759623;1484,15976784582;1548,65779297616;1063,87276819142;1075,81887058459;988,585688664252;869,569506394489;925,823594408689;914,476556613631;523,418656148501;540,536741650374;548,047995190932;961,856280731694;921,307409193426;991,634183412054;660,936941779808;640,257939430441;585,482701016988;365,149389288344;381,911668140035;385,912750347375;220,7509531456;239,542162969221;231,986557269996;439,650251543758;438,781728815763;442,622571520026;267,121621305132;249,082455292115;262,407017548207;63,4106137604249;75,8872865471703;80,6379297399362;42,6844599922642;53,4557222500616;55,9644220319469;103,287730881838;96,860422144181;109,174710921644;59,3365986892268;53,4514980523272;59,7510369754682;18,5889506164076;13,5614028744585;8,922298927464;8,48124352814375;5,4963735907686;16,2607159757972;16,4682302428382;19,8036980938582;15,2056103591585;5,6836000278272;1,80531556336791;6,96182723495167;-8,03932118753892;-5,61575198917672;2,30756859857502;4,82006653360713;12,228595052612;-0,15245655455692;4,28984516638184;0,783198643860487;0,757961654210703;4,83869969664192;-5,89276477400017;4,82283490639202;7,38648065092229;9,44914747811436;4,89681950023532;106,312603439784;5,43545953487637;6,06370017544532;2,21026579073578;4,58788909783925;4,93548624639379;8,29201491494996;4,23864455974899;2,95523773578088;8,17315190130103;2,52534374062816;4,32183652201547;4,13891539296992;4,45919574988602;5,6205585791372;5,09592632095746;3,29887773911332;2,63979179116041;2,66258027180356;7,27791262527808;2,85471826856019
;31;1641,80611817333;1650,26424332519;1772,91453228196;928,533322697009;1006,00795934225;957,866113913152;1715,25634452451;1683,41901419334;1756,35026009463;1232,22089822778;1250,80893383134;1150,43347717603;1094,99678959901;1165,16671600397;1150,75479166723;641,995124697826;659,512129221287;663,597946655563;1190,52681961582;1143,20552172211;1225,66021175324;845,05241557549;820,888041819306;755,411657380111;589,541683834189;610,391645736945;597,775137490611;355,331413051549;367,842444789178;368,829352906643;655,738900691505;676,015460063914;658,425901733542;436,224580562035;416,511808511676;426,903432658095;146,399428687832;170,519472597549;174,941642717017;103,392335247042;110,108415989674;113,660212289238;204,567520938811;186,676124428799;209,565666924043;113,608972826279;118,782356981763;115,72354666668;32,1058129332832;26,5908312642177;20,5603944913391;17,1514297266367;24,080999264731;23,1004692683182;35,907131694672;38,3096884616821;31,981816987005;6,04325303947007;9,18278218942487;13,037639238878;-7,80500718933854;-5,92458936633557;4,50076419672996;3,80183139315432;0,105845558097826;7,78630691788112;1,39172455307744;5,52321265391538;5,00134199513377;7,27175070124849;0,555047738946087;3,88608734431773;4,39350409401277;7,75830870310392;5,19925933942932;104,86393621579;3,38043233504231;0,820913878118063;6,82491060308712;5,71122011719444;3,63080219305539;0,477966953571013;2,78478815532662;7,17008918069996;3,26374259225622;5,45713733207549;4,87254256019878;2,92601890434707;1,51016965329291;5,94946233433711;1,07913086315921;3,0093592232206;1,81420143104833;7,57809926584241;7,32707621858117;3,26361195043228
;32;1836,11979321159;1840,97646473834;1976,88441548344;1021,24562238855;1103,39561670275;1051,99854426717;1906,85039952034;1870,2238764222;1948,51774523339;1393,01321269926;1414,8278643341;1303,30487631944;1313,01739140113;1398,1667886667;1377,24307912695;749,920281875042;770,671334549166;772,026371859134;1405,69741971002;1354,62690546321;1449,12564402751;1030,12984572937;998,141347969026;927,750842643308;820,283504809472;852,338684524436;831,286268228814;478,701229275469;494,134408336219;498,439245952809;892,395935334126;917,660535788393;893,067815819416;615,192877097843;593,184463458691;604,711106834549;273,543405659547;321,896132116804;321,124788905426;171,802987365061;204,069359006268;203,245244736757;357,433640064673;331,632287762805;376,68568900743;218,664570681944;221,45272963004;218,800823088922;81,943163567129;53,6789998459617;42,7653828969687;52,1257586812235;54,8270043153034;52,4491551792789;86,0892381398044;76,0015432330679;74,7588035835242;29,1096839656984;20,1766654262483;24,8563384069503;-3,90298335544594;2,83374990279026;4,7240557042569;-2,26170305244614;5,85512114867106;8,37646103252337;10,3731148327392;3,20796570206312;1,2940282190043;1,05334443492484;-0,833278996156878;4,54407057055232;3,88067708902281;5,17105975914183;1,10464853516532;111,012772617211;4,97308618783518;6,38512156588968;-1,38936864557127;2,41551768240925;6,17091172813298;4,31432014715438;4,24829498195868;2,71394307852825;2,58529157928751;8,44193392261377;4,45282963346381;3,84008147600753;-0,729544418602472;2,43357250112103;4,35867452442335;6,10739183354235;3,56279820188865;3,01927110906081;0,320978849976655;9,39414274612409
;33;2013,77977333412;2013,62467216703;2175,61261242023;1108,73659413515;1194,18989315411;1137,47023282037;2085,46237728157;2037,85027748749;2125,71997814263;1543,00903093244;1573,06693846515;1458,62873626081;1517,41369123204;1612,85924353679;1585,33760888927;842,460399410375;865,097058622977;875,668402994875;1604,72204555001;1553,34091491518;1657,2123832182;1203,19455937641;1168,24192994902;1093,63196049491;1053,39783247876;1106,7323809293;1068,6876969863;595,606304031617;614,266947016038;621,045899450481;1125,27729176615;1159,97208897735;1125,89931505519;800,483097314496;776,133936711751;791,83899723528;470,979969140283;534,56560131837;540,666868046175;289,692399228607;315,90266548286;310,130103196616;570,892494628031;544,323652639982;607,139942563463;359,027855296535;365,184405742302;367,773676344711;139,356130134919;137,730810028355;114,128167109894;103,210907069911;96,6605154935414;97,2540548554407;171,943097261861;155,181083469535;134,730263702935;59,1059747555601;51,0756551955565;52,0775788290457;-11,3398301024981;0,898519163530182;1,54046243906532;0,523551421231332;4,76762049118588;-5,85138674597056;2,11805792501127;0,0268673143255;5,34001360971524;-3,97563320302015;-1,82549377138093;4,41039069834869;2,24204971559675;7,46175715916615;4,44019072601623;114,003853907837;1,04191209755982;4,1224334226572;2,4016166089209;3,03833479251125;1,02017644582338;3,5442603445731;1,9497702957101;0,487548829255957;3,02108752133654;4,58930797026005;3,36651326734955;4,40873480101163;0,802224626543193;5,60652797939429;-0,189650607921976;0,794278223741912;6,69773807473121;2,72311896562042;3,49630709943449;-0,0768079871095324
;34;2171,75308289875;2183,97640181774;2347,22427427855;1186,702492911;1283,10878806913;1223,17184177855;2249,60607753364;2195,70083525763;2290,61443647569;1687,63436170512;1719,17817189233;1597,51808043978;1711,0616924699;1811,47867475788;1783,59050862174;930,408060301806;951,217022352464;970,86870596993;1793,67967716057;1737,99324662937;1851,87983077411;1370,99332512845;1331,35669424391;1250,62745797268;1282,6531099689;1353,02125086345;1305,56446058181;709,020341343732;730,626742433822;737,302121885002;1349,08527545337;1388,19379231182;1352,40203586416;987,54186843711;964,425714129296;978,640069662932;683,20124991708;763,701234566536;770,272738726013;405,923304630048;443,802611081976;442,922416370164;796,242912682081;768,187007124202;845,778808173437;544,118286380187;558,07742208664;544,156115863081;265,373187162969;276,07787574542;221,779839780635;170,063723353785;173,823949271581;167,683720807314;311,647008868782;288,332789794326;257,022970498459;130,821334472369;91,594402481529;113,628716287562;-6,22826363231798;-5,33981435748501;3,1503803037499;-0,943865770239881;1,82489293151139;-1,92521958451471;-3,32420624190854;-3,12274926904502;3,10237279301828;1,09340033328226;-0,98427520644691;3,9628825433806;3,70914071578227;1,90414229802082;3,92022894069487;116,890196623462;3,123805081108;1,93305948076431;1,32662131243706;4,51583285211291;1,68539610168409;1,76400530714682;0,996144766194902;4,68139368973016;1,20612507330725;4,7278187596421;5,8030996229727;6,3122675908694;2,3753064627258;2,87200494035915;3,2249645298225;2,66176143151324;2,77672386348377;-0,782243955749436;3,84858888302642;8,34579592609271
;35;2319,76389231026;2331,38388752369;2512,63902118883;1263,16776672206;1365,09405753734;1302,24839461503;2403,16877985002;2341,1783857553;2442,70828697876;1821,60233752639;1857,84235743704;1724,71084864525;1890,55432534672;1991,24559077087;1961,23682232079;1013,81544181577;1033,9292303105;1054,58818938726;1965,25448638418;1912,17496183397;2031,84945561553;1529,45451509815;1483,79634852785;1396,07650253034;1488,66530895281;1583,24810284566;1519,95549782664;803,356614762367;836,975140264511;845,041129399674;1561,45082635916;1602,96155501625;1561,57728046719;1166,09692741982;1145,61742600723;1156,85438965121;910,509796564909;1007,06892720652;1002,86979878926;518,819336610936;565,665100537838;566,523310349547;1024,60237419666;995,847688991665;1092,59186435791;732,206195487547;752,756256634259;726,93718092152;457,345507863257;484,701211047212;397,566982189424;289,494531764721;289,796321138836;292,264370939106;518,686053159941;489,659860583143;433,441584789003;234,52900771144;184,230479936225;189,653823166618;0,404024657909758;1,84357778990943;0,0801583043325991;-3,25469003601484;-5,38982702016528;9,13852114349902;8,10728890601831;4,74370783950417;1,68713325613135;0,294489602833892;-1,11078870881556;4,54783361316868;5,37529825681759;-0,213895841329759;2,3267733553248;119,089210202947;-1,51542341337245;3,69350766414664;8,63049548509161;3,83632892121886;3,00692470879176;-0,891654003175063;1,34512274877443;2,00707651071343;4,16436304406079;2,05301860728105;-0,108163305649668;3,68270107808758;2,56371563622952;2,90878125407698;3,25300593885913;1,79995687552127;1,27381855336989;-0,25473858756277;0,12501377437502;2,90897203443683
;36;2456,61313440674;2477,9716587375;2657,43601087792;1331,69871229632;1446,04418099313;1380,01249238462;2547,19550280828;2480,17670708287;2591,17871934931;1952,15858151624;1995,06447076436;1839,12704589384;2054,13710433902;2158,31605095018;2125,99893072064;1091,02904499489;1115,12348465397;1135,28870047955;2126,62976111349;2068,94613011481;2197,41659587193;1680,73872528216;1629,65337302537;1529,8118041983;1686,90650382299;1790,37020923986;1728,21593695573;892,332665365684;937,105334417922;943,640499446145;1760,71625193861;1800,85401146748;1760,31378505566;1336,98552275444;1322,96703152004;1327,04400763567;1131,16260023463;1240,88028603635;1228,14381551906;624,187152381912;674,55643047542;679,661201807563;1242,52260718985;1214,90381122588;1328,03834318652;919,27247393863;947,275023771116;912,844364140495;665,509225228547;707,44548815354;599,358809675792;422,208329899032;422,752610615322;421,246793449041;742,232720882835;706,684610448528;618,079489644771;380,736288281759;289,277562389344;311,83647666009;2,49319925509917;-6,31165660545776;2,10726101781893;-0,0739645619746625;11,86476108023;-3,52598129106082;0,634057515571385;4,22030407481861;3,18021924306186;-4,05781994515746;-0,832330033600556;1,91328029650913;3,04864506989179;-1,56058166656203;0,399179085434753;120,308767550761;5,05853429752233;2,79672284395019;3,03143826267024;1,76018390985291;5,17186039020362;-0,274805933962853;-0,129739588318444;6,43003108323455;-3,76743791013723;0,535735432947604;0,38953936742837;2,08461677636569;1,79269735885964;3,18565868393807;2,65478156784457;0,885149326443752;2,04295859662307;4,12952835121905;3,64477396502616;-0,360835476324155
;37;2589,25584402895;2600,66639714511;2793,32638086564;1402,69238373056;1515,96805353098;1448,65014237093;2679,63354063011;2607,5661516576;2722,46054974101;2072,06097964249;2122,60177298031;1951,84112244591;2204,28285111499;2310,90700529799;2279,72452955873;1163,1532209885;1191,75296816745;1211,02516781082;2279,12593536058;2215,81998680508;2351,54469692324;1818,93681400282;1763,88002646871;1656,96349906616;1864,98897507415;1983,7672272126;1909,8525899943;967,767468958271;1021,6454838371;1030,48134680846;1944,35255223593;1984,8925765248;1931,91927060903;1492,74164143645;1484,82022277794;1484,62379833428;1344,91280213202;1462,32134877181;1439,76260030677;717,694998879816;773,418714808909;778,066540886453;1446,8012864327;1419,71409673791;1549,69753038826;1099,66200361711;1131,89012872838;1089,54596146669;892,049267557517;931,666195792298;805,371336335047;550,277567751389;549,539384263785;547,276517729734;971,723702776494;938,035149323676;804,134715704274;537,993593769983;433,003965781151;456,195387057771;-2,11847459151886;-6,68351138027083;0,975922700946285;-2,6038841493978;-4,10400160039717;11,1649227886528;1,96591781976576;0,904595162885926;-3,56951508177963;-0,936463214678042;4,77280731998962;1,16460766930913;-2,05932186018617;1,72988376962076;-2,36180786836076;123,372193999045;1,38777063061707;1,06556832615115;-2,33753223400754;-2,6810670095615;-0,623911535024035;0,226998772376646;2,07409889882774;-1,42367995926952;-0,829228720181618;0,7062434209206;2,31490330587212;0,778659570174113;1,55293027946573;1,83678532127988;2,4737420456313;1,67913873416683;0,372983944248517;0,0609170332822941;-3,27827674927539;0,193144371221024
;38;2715,92704593248;2731,27787754297;2915,27965045955;1467,31201780279;1589,65766252995;1517,96925941119;2804,18610090001;2726,76398772187;2845,06503297901;2187,55134674678;2242,0829459185;2062,63764678115;2344,51777094425;2459,57606382872;2426,22169255639;1232,27324269813;1262,03593353805;1286,8971143748;2422,25352526304;2352,2139060699;2496,78327601288;1948,2180243783;1891,23550541366;1778,4703344615;2044,82567441904;2161,58739013603;2084,03072046672;1048,46870205122;1101,49238512507;1109,62707145422;2110,83167782834;2154,33781365488;2097,89748293646;1643,00238374166;1638,89182560707;1635,95363241045;1544,73990749861;1668,44299956723;1644,81243349982;807,07968473896;862,141062483647;875,49209806244;1638,3517568967;1610,66365176015;1755,55091566425;1271,35659989533;1310,01607154295;1253,89826849302;1115,87272330079;1150,46056935554;1015,00353590765;667,268772959848;662,27458408023;668,171709359213;1195,84045799184;1165,90475123051;976,589585424354;708,475593830969;577,289058172271;607,536851515351;3,88803642550647;-5,06470074657409;-0,727701389194863;-1,21597881013668;2,36435528039783;-1,65590183749555;2,9025760833506;0,662327089635255;1,24712725037443;0,182992449773337;1,25849882179136;-1,95014787963601;1,61679710988255;-1,69075788182545;-0,0784731023386485;125,081967969543;1,85490422574139;3,96252769306602;0,901476450500013;-2,41213489367738;2,52048037805889;-1,47021010076833;1,34958308135901;-4,1910576929663;2,33711316812378;3,76309412451837;2,16631141810149;0,0139679523576888;1,46924113823616;-2,44044234599323;0,385816039463862;-0,569292511899675;-0,910826044217629;-1,20439773331054;-5,76128871561878;-0,637548443912692
;39;2831,24646325441;2839,71682093549;3031,02627895852;1529,06983218492;1655,01387279465;1581,05994426;2915,55292791613;2833,68958720135;2952,08603271328;2294,55608470789;2354,07521487405;2162,38094044428;2473,49810516056;2588,03492396571;2562,47483649119;1296,45333549756;1327,10866774317;1354,55402715336;2553,34106913325;2480,83357509;2631,79206181117;2070,11812404512;2008,60758946753;1890,18150188271;2204,19192765278;2327,72586250542;2230,5993750407;1121,20141642839;1177,50110642818;1183,8890549394;2270,12764169769;2316,03648049849;2248,34150404409;1780,70202758041;1779,98596827063;1775,01808950647;1735,62627409454;1864,7516203568;1831,05207301899;890,233129233159;948,584680257831;961,6979530291;1815,99359227922;1787,91234342321;1940,7702405994;1433,10244360396;1471,26706336439;1404,35924899805;1331,87376104009;1351,05649288111;1214,53785610733;773,529425173854;767,513469294361;774,957024922941;1399,35128753224;1376,87504519104;1130,54331738193;875,81419304416;718,944473318967;759,365313952138;1,0174009877046;-3,99790285192375;4,24778440970294;-2,2031937693223;-4,392145247185;-3,04566620374226;1,73425833582769;2,11981859648404;-3,10648098152569;2,11434649678631;-1,25534765024076;-2,49071658928415;-0,573806919677281;0,88135823332459;-1,3177612223908;122,351703192082;-2,55521455669214;-2,34373771636228;0,107616845451048;-1,00766860795875;1,71602717956466;-0,291090648687259;-4,07510138100906;-0,372386092304168;-2,6563190910615;-2,33027695514102;-3,97406122256689;-4,53249943477658;-2,02105051249964;-0,339724596459291;-0,222422721948988;-4,70360444742482;-1,9965465055302;-1,46827346004056;0,519756437387514;-4,56366490592063
;40;2928,27182287435;2936,89604226344;3142,26593755477;1590,07654016403;1719,41767737445;1645,74482334549;3021,30161274985;2934,32634111004;3058,33536022973;2394,03878154884;2460,10572069197;2262,73796297621;2594,28981623083;2720,25547229701;2681,23963985828;1358,12483905221;1390,97532740212;1417,96862830346;2672,82173807028;2601,77902537304;2759,42117109784;2187,64362455043;2120,71616714927;1999,11683627191;2353,33722973027;2474,57372264783;2386,62672397274;1191,04338160618;1251,51123484645;1257,57366502472;2413,32525597137;2467,13917151497;2391,37511441605;1915,50076998689;1914,33660123297;1910,53126156382;1905,08848281162;2040,1152795316;2005,50072826737;967,61219217556;1026,70113859246;1043,46010625282;1975,97000241728;1951,12962180078;2112,64219745538;1582,21669388279;1625,03123071339;1544,09918349054;1524,62693255378;1546,80576389598;1385,75637341925;868,541162943682;864,626467910837;869,975276555539;1586,99964381768;1570,70120023922;1272,48062947189;1036,18028007236;859,859292722959;907,323314909802;16,5407923514285;-0,522946432297431;-1,39507995559006;-0,29351129233828;-1,26786127572541;-7,08973079784573;-2,68464280487433;-3,78014365963327;-3,48869399218893;-3,22603866463305;-0,766694779234058;-4,51040636158632;-0,0536101356115068;-2,68477756716993;-2,63953016307096;129,719704330712;-0,29567315344093;0,813919947237537;-4,77057178170253;2,41929729650064;-3,8500705354395;3,30670475568422;-2,20483001870298;-0,325884302675604;1,38697146805771;0,852194870794847;1,44346942391439;-0,263299290246778;-0,217320541587924;-0,541509941858749;-0,256837677159638;-4,16918460462466;-2,54043174825983;-4,39981197052111;0,549453648475264;2,92108417759846
;41;3017,57518189237;3020,52765618489;3242,35136090163;1646,63662541055;1775,51599191563;1701,48100745727;3117,34458765758;3023,91984796417;3152,33955866732;2486,70952822916;2558,32056214949;2353,50798621281;2702,29468253812;2834,17606166502;2795,67984359404;1413,77281888801;1449,80850641695;1474,28987943945;2784,06627714897;2708,72477478369;2871,66892866645;2296,58161855369;2227,95477122857;2096,88386717593;2484,45709508033;2611,42737556689;2515,5896375419;1251,97132298374;1319,11615450565;1326,78446305257;2550,44723681909;2605,0314256154;2521,48259451365;2031,19346499219;2039,44023644022;2029,12071529673;2060,5581893013;2202,18517390179;2150,17192913748;1031,69368879188;1095,7233077435;1111,56352834161;2123,23260481251;2099,40989477965;2260,87506007627;1716,64082297401;1760,15489264939;1669,47499457854;1699,36863968624;1713,24653281134;1539,93262418341;960,4687101008;954,997010015085;955,055262900337;1749,12618261618;1740,4783818751;1402,15206938162;1188,99836099071;991,221750609438;1041,02170318362;8,45639519327142;-2,22888718972536;-0,911533434871217;0,437274386750232;2,96911671483758;-6,83457329173234;2,62765869931809;1,80286550707569;-1,18309564310493;3,84219181658318;0,635124973608072;-4,31246957180338;-2,56820870932734;-4,25141296388801;-1,5145608409598;128,864428286727;-3,29998346538332;-3,09609482110409;-1,38634813469343;-3,32638846586815;-3,03059711376409;-3,14354890334425;-2,04380783246643;-0,927098784689861;-1,02311070558835;-1,5623434723102;0,283554918653863;-2,40349142046716;-1,38536016667058;-1,45303654402869;0,113537914266999;1,30312622336078;-2,55351316373162;-1,46603218638666;1,32711319137252;-1,0268882061614
;42;3100,9479301982;3107,12192662848;3331,59453632334;1700,10819125861;1833,15290059669;1757,13704631622;3204,84809357186;3109,58067938194;3239,53115562251;2575,24256141066;2645,02253102401;2434,14730346268;2799,57197760871;2947,78695641094;2900,49388748563;1471,88008985624;1508,24825453566;1531,33328347968;2887,73047318817;2811,45274548123;2975,31812289206;2397,99165707849;2328,66214483573;2190,72489718058;2604,62306364873;2735,8824252751;2651,74976833599;1311,83610562247;1378,93262831471;1391,3954559513;2674,1248520317;2727,35007289403;2639,96605324805;2144,86728305725;2158,65861686366;2149,18964046142;2201,98943523376;2349,96989259517;2290,79201733975;1094,110853413;1160,39598303613;1178,88843592847;2255,15433188687;2234,82993673944;2402,66355990694;1840,02126266067;1884,94318559831;1786,30143024287;1851,57841476415;1865,29794839353;1676,5483107244;1045,38554419202;1033,70202274524;1029,7686524917;1896,50573211943;1897,72461352089;1521,06764621316;1331,13395908894;1114,01388921988;1170,71079626339;5,40759295966473;-0,672451414702664;-6,65873311385894;-2,00932865761206;-11,9155261332944;-7,33708601465969;-1,01033399671769;-2,50282774175957;-1,50355134596111;-0,739139598104885;-4,41986570186327;-3,11196069206289;-4,66449272373757;-3,12767905747887;-4,84755044579333;130,86564480489;0,334910850136112;-0,344914936147688;-5,08824992513519;-5,8704827464785;-4,7311777191735;-3,47485377047087;-6,33267201139415;-4,01733925118151;-5,96325621175265;-6,56093322511151;-5,98159328121574;-0,895856891417225;-3,40667509232662;-2,31238885822086;-2,34928049211794;-4,46764681065588;0,257870631144669;0,0311964802381226;-2,75034762431915;-5,98420357866826
;43;3188,6605380725;3187,41214389797;3416,85768932944;1746,39653527288;1888,78951673341;1804,16813753617;3287,1209815723;3186,52293747117;3320,00186958556;2659,06916943971;2728,19929719852;2515,15967567815;2891,40318117088;3040,19435160045;2999,64967760355;1522,15784246555;1560,78727956546;1589,36065846744;2984,20494047137;2900,87698531152;3068,79705941802;2493,2991255448;2422,02319752916;2272,62011782439;2719,59335857043;2860,43839834349;2755,35443812922;1369,88813068553;1439,63894729764;1452,88403421336;2790,68192348501;2844,42779247132;2753,25677169254;2248,18653205034;2270,10306045824;2259,14012635284;2335,49469623189;2487,1119058874;2414,57886817681;1145,82571492126;1218,72237471789;1238,32794657482;2376,69044393884;2359,43300261805;2530,11248798786;1958,00397351166;1999,01197843934;1891,58488661838;1995,52150224344;1998,13998522836;1818,50011231843;1122,81054165459;1105,61294589962;1098,39662322795;2033,55434332085;2042,69189090977;1630,19481404873;1462,69571754444;1223,29003970017;1294,25156386201;14,813623136889;1,62391821815982;-2,5476601837604;0,713177392335638;3,2760975449828;5,30208930045501;-6,2435172323876;3,09158401342165;-4,82567736680267;6,91409516789281;1,80909489753412;-5,51740429667598;-4,07280599644764;-4,46435049231241;-4,09690591761;131,793075057172;-2,86664198857989;-4,06600210218221;-0,0354153113535176;-4,02782581746351;-6,10889370463383;-2,8379769204621;-1,68971882862024;-11,0896835891681;-4,30762175309428;-1,77330275652093;-3,58701851458227;0,945635528653838;-3,17723134353082;-5,89129598525733;-4,08303903296746;-3,16243498575341;-0,504702549744252;-3,91235708442764;-1,4186096090566;-5,36720634763878
;44;3259,28486071625;3268,34133793233;3489,23988928574;1796,79084991056;1947,09327686091;1859,65420614141;3359,96232370037;3262,97886680723;3394,63253774563;2741,75646448848;2810,77817427803;2584,8781476119;2979,88877932411;3133,65399444571;3088,64062854872;1573,1752658824;1611,83235672686;1647,83589913502;3077,01062570974;2990,76326138701;3160,88234814843;2581,84602950467;2512,28146638279;2354,7060788847;2824,11109496694;2967,77809581943;2867,00059808956;1430,72260441938;1502,14776351106;1515,30344719478;2897,3451766442;2953,47990490862;2850,69307658379;2352,15848223445;2375,4995152103;2366,81487156493;2460,99955545709;2611,29630294806;2542,471812821;1200,2012317961;1279,43129715314;1298,90673483726;2487,54756194052;2474,38538435028;2651,63477313478;2071,19205854683;2106,98736076492;1990,7544221359;2133,99336705067;2129,38025331034;1944,19087739163;1192,47096963364;1171,13200476049;1162,92170689942;2159,44832915025;2176,99761324684;1733,46148177179;1584,29788515874;1328,9770661251;1410,51449136277;12,4007186163317;4,60859400085974;-0,833690360299897;-0,993363901580778;-0,666115027160231;-2,52766085238454;-5,82809577638045;-2,35108371781143;-4,31204761154322;-2,95052566098548;-0,558688026732852;-6,14199618430303;-1,79235109315459;-2,64258089678697;-6,59678596076856;130,542497524465;-5,28585110908034;-1,89936047409446;-6,82203268299872;-6,47914408864199;-7,40258651211525;-7,0353638453239;-3,39466789145763;-0,267777805345759;-4,15268033368557;-4,99034551095383;-5,18427746221323;-5,91586581453475;-5,12579537972488;-4,09271972165288;-2,08607077019087;-3,43094797398317;-2,37276672927192;0,0227278069619388;0,0162033512847302;-0,529265690297962
;45;3328,12059695125;3337,98048735045;3560,64214450353;1847,4665444931;2000,356786159;1904,51362243096;3433,29689491002;3330,5280136063;3461,94749017498;2813,49062181101;2885,96122050363;2655,76757046202;3065,51498405621;3219,39848579361;3173,31350462249;1622,45555894522;1662,59589110779;1699,36326972897;3160,98264160283;3072,25666413037;3249,26508063683;2671,33396049077;2599,06580019959;2437,39290336893;2932,11286220848;3063,48383985763;2957,71684495238;1484,70316423015;1559,59532310057;1566,29749916286;2997,17552167481;3056,49130449034;2943,46723494653;2447,16844860767;2473,34007169768;2460,16333926042;2573,68941451998;2729,21755370136;2662,3333792011;1252,70055670065;1334,6761076499;1355,22655755699;2592,3255378812;2581,27821725681;2760,42542995491;2175,32078407261;2211,47529269753;2080,31519077484;2264,65579853876;2244,4600634944;2053,64481466289;1255,14216729253;1236,60888919675;1224,62289531409;2270,6586132854;2301,64311265059;1831,49347293964;1695,48899481326;1423,61732434445;1517,75925676504;14,22854204946;6,8009116749472;-8,95727145623687;1,37497468304855;-7,29755780147298;-0,842763112826106;-0,879575017733714;-3,35371270108453;-4,34066045835652;4,00560983189825;5,94285939424753;0,0395335977750619;-2,74239198040505;-2,53058527175972;1,05304079179859;136,566275475955;-3,97531043965182;-6,58988948140222;-6,66745624126952;-2,72960067567283;-4,66438804373774;-7,71110489780904;-4,91056480384259;-5,47427023467026;-6,75902387663064;-5,66422161098353;-0,861810417130528;-6,03426287150342;-3,27060083841025;-3,63875855913329;-7,16536846445661;-3,79349853059011;-4,66803014799962;-9,18326578547294;-3,79041792164799;-5,49785576746172
;46;3392,73563401336;3407,73101633008;3627,05967583704;1897,06215043314;2052,02271522617;1941,87657545576;3503,27200452108;3391,4668485642;3521,449264066;2878,98964055218;2952,92171945168;2721,37655994877;3140,97698962273;3302,5656150077;3256,2779094107;1676,45661935839;1715,87035069111;1743,72391918105;3234,95329394658;3151,46401765736;3331,96826966647;2761,12069483267;2683,15797277314;2522,54945564464;3040,24945734026;3145,34008906356;3045,22653286024;1532,70895960993;1608,25464448172;1606,46021444565;3095,33501044721;3149,41813152283;3030,31499105629;2540,04526840818;2567,10241017639;2547,92589397648;2677,47574775821;2846,94079634532;2780,84699234999;1313,822027485;1390,63658068004;1409,31308980003;2691,46842448634;2682,23406359531;2862,97394626217;2271,38719256721;2311,36751503306;2167,00337630773;2386,48407217471;2347,49215493987;2142,56176117861;1319,45588781241;1301,5922188802;1286,13682277009;2368,58900157388;2417,99311442072;1923,64058493666;1798,41261456014;1512,12975265354;1618,99050285964;22,2897128721752;8,63906188371584;-4,20088097898679;-0,155459891906503;-0,66310859211444;-0,407465892278196;-0,255072630477571;-2,37544641282375;-4,22320975740377;2,31028903406059;5,86666209729538;-6,87898052868013;-7,22604715782654;-7,14977847652563;-9,22142574863847;136,951463126165;-8,59353313963766;-5,78789173519635;-5,06518975337758;-1,12704486280063;-3,35287382702882;-0,748308610381173;-4,68664457453315;-2,54101729730201;0,753319191256651;-5,78584071854129;-7,40837650250523;-5,27627864187889;-4,65689349173499;-9,09353198523058;-5,25144636596042;-3,62382087552351;-2,61631537344874;-4,61190072363388;-11,5778815047493;-9,61204736622449
